Bus Current,Pack Current,Pack Voltage,Vehicle Velocity,Distance Driven
0.0,0.30000000000000004,147.70000000000002,0.8447090506553651,7033.162109375
0.0,0.30000000000000004,147.70000000000002,0.8681768238544464,7033.1328125
0.0,0.30000000000000004,147.70000000000002,0.883083039522171,7033.37841796875
0.0,0.30000000000000004,147.70000000000002,0.9039164543151855,7033.57958984375
0.0,0.30000000000000004,147.70000000000002,0.9335526108741761,7033.72412109375
0.0,0.30000000000000004,147.70000000000002,0.8678428888320923,7033.708984375
0.0,0.30000000000000004,147.70000000000002,1.0108663201332093,7033.76708984375
0.0,0.30000000000000004,147.70000000000002,1.1018432021141054,7033.6806640625
0.0,0.30000000000000004,147.70000000000002,1.046179211139679,7033.78125
0.0,0.30000000000000004,147.70000000000002,1.1552161574363708,7033.810546875
0.0,0.30000000000000004,147.70000000000002,1.0822342157363891,7033.6376953125
0.0,0.30000000000000004,147.70000000000002,1.020856261253357,7033.6806640625
0.0,0.30000000000000004,147.70000000000002,1.0938104152679444,7033.79541015625
0.0,0.30000000000000004,147.70000000000002,0.937578284740448,7033.6806640625
0.0,0.30000000000000004,147.70000000000002,0.854949563741684,7033.708984375
0.0,0.30000000000000004,147.70000000000002,0.8984808504581452,7033.75244140625
0.0,0.30000000000000004,147.70000000000002,0.8767383813858033,7033.6806640625
0.0,0.30000000000000004,147.70000000000002,0.7843515157699585,7033.853515625
0.0,0.30000000000000004,147.70000000000002,0.7427310347557068,7033.92578125
0.0,0.30000000000000004,147.70000000000002,0.6324882745742798,7033.7099609375
0.0,0.30000000000000004,147.70000000000002,0.576722252368927,7033.59423828125
0.0,0.30000000000000004,147.70000000000002,0.5514735460281373,7033.78125
0.0,0.30000000000000004,147.70000000000002,0.5399066269397735,7033.99755859375
0.0,0.30000000000000004,147.70000000000002,0.5347399950027466,7034.17041015625
0.0,0.30000000000000004,147.70000000000002,0.5311688482761383,7034.2861328125
0.0,0.30000000000000004,147.70000000000002,0.49291545152664185,7034.34326171875
0.0,0.30000000000000004,147.70000000000002,0.3854276150465012,7034.44482421875
0.0,0.30000000000000004,147.70000000000002,0.3369894415140152,7034.47314453125
0.0,0.30000000000000004,147.8,0.3152005970478058,7034.47314453125
0.0,0.30000000000000004,147.8,0.3053311675786972,7034.47314453125
0.0,0.30000000000000004,147.8,0.300990092754364,7034.47314453125
0.0,0.30000000000000004,147.8,0.29740963876247406,7034.458984375
0.0,0.30000000000000004,147.8,0.2944784939289093,7034.47314453125
0.0,0.30000000000000004,147.8,0.22518834471702576,7034.47314453125
0.0,0.30000000000000004,147.8,0.19329818040132524,7034.47314453125
0.0,0.30000000000000004,147.8,0.17885577231645586,7034.47314453125
0.0,0.30000000000000004,147.8,0.17264100015163422,7034.47314453125
0.0,0.30000000000000004,147.70000000000002,0.1690419852733612,7034.47314453125
0.0,0.30000000000000004,147.70000000000002,0.1654244363307953,7034.47314453125
0.0,0.30000000000000004,147.70000000000002,0.16451540887355806,7034.47314453125
0.0,0.30000000000000004,147.70000000000002,0.16451540887355806,7034.47314453125
0.0,0.30000000000000004,147.70000000000002,0.16451540887355806,7034.47314453125
0.0,0.30000000000000004,147.70000000000002,0.16451540887355806,7034.47314453125
0.0,0.30000000000000004,147.70000000000002,0.16451540887355806,7034.47314453125
0.0,0.30000000000000004,147.70000000000002,0.16451540887355806,7034.47314453125
0.0,0.30000000000000004,147.70000000000002,0.16451540887355806,7034.44482421875
0.0,0.30000000000000004,147.70000000000002,0.16451540887355806,7034.30029296875
0.0,0.30000000000000004,147.70000000000002,0.0036639373283833265,7034.09912109375
0.0,0.30000000000000004,147.70000000000002,0.1152609720826149,7034.06982421875
0.0,0.30000000000000004,147.70000000000002,0.1655821368098259,7034.24267578125
0.0,0.30000000000000004,147.70000000000002,0.28754023611545565,7034.47314453125
0.0,0.30000000000000004,147.70000000000002,0.35324993133544924,7034.71826171875
0.0,0.30000000000000004,147.70000000000002,0.53371040225029,7034.89111328125
0.0,0.30000000000000004,147.70000000000002,0.6279524445533753,7035.09326171875
0.0,0.30000000000000004,147.70000000000002,0.6469585776329041,7035.25146484375
0.0,0.30000000000000004,147.70000000000002,0.6917699217796326,7035.2802734375
0.0,0.30000000000000004,147.70000000000002,0.780863893032074,7035.22265625
0.0,0.30000000000000004,147.70000000000002,0.9463996410369874,7035.41015625
0.0,0.30000000000000004,147.70000000000002,0.9149361491203308,7035.525390625
0.0,0.30000000000000004,147.70000000000002,1.0514572620391847,7035.61181640625
0.0,0.30000000000000004,147.70000000000002,1.1505319476127625,7035.6552734375
0.0,0.30000000000000004,147.70000000000002,1.0776891589164734,7035.61181640625
0.0,0.30000000000000004,147.70000000000002,1.242724084854126,7035.6259765625
0.0,0.30000000000000004,147.70000000000002,1.1466732144355773,7035.77001953125
0.0,0.30000000000000004,147.70000000000002,1.202244508266449,7035.9287109375
0.0,0.30000000000000004,147.70000000000002,1.1450685024261475,7036.07275390625
0.0,0.30000000000000004,147.70000000000002,0.9775199174880982,7036.28857421875
0.0,0.30000000000000004,147.70000000000002,0.9874635100364685,7036.39013671875
0.0,0.30000000000000004,147.70000000000002,0.9777796626091003,7036.5478515625
0.0,0.30000000000000004,147.70000000000002,0.9642740964889527,7036.56298828125
0.0,0.30000000000000004,147.70000000000002,0.9526236534118653,7036.46142578125
0.0,0.30000000000000004,147.70000000000002,0.9466871738433839,7036.5771484375
0.0,0.30000000000000004,147.70000000000002,0.9359921336174012,7036.779296875
0.0,0.30000000000000004,147.70000000000002,0.922876238822937,7036.98046875
0.0,0.30000000000000004,147.70000000000002,0.8468982160091401,7037.16796875
0.0,0.30000000000000004,147.70000000000002,0.8385592818260194,7037.38427734375
0.0,0.30000000000000004,147.70000000000002,0.8598193824291229,7037.62890625
0.0,0.30000000000000004,147.70000000000002,0.837075161933899,7037.97509765625
0.0,0.30000000000000004,147.70000000000002,0.8333927035331726,7038.3642578125
0.0,0.30000000000000004,147.70000000000002,0.8519813776016235,7038.767578125
0.0,0.30000000000000004,147.70000000000002,0.8918951153755188,7039.15673828125
0.0,0.30000000000000004,147.70000000000002,0.903795862197876,7039.57470703125
0.0,0.30000000000000004,147.70000000000002,0.8388653755187988,7040.02099609375
0.0,0.30000000000000004,147.70000000000002,0.7929965972900391,7040.35302734375
0.0,0.30000000000000004,147.70000000000002,0.760336571931839,7040.755859375
0.0,0.30000000000000004,147.70000000000002,0.7150799810886384,7041.10205078125
0.0,0.30000000000000004,147.70000000000002,0.606274938583374,7041.591796875
0.0,0.30000000000000004,147.70000000000002,0.8659878194332123,7042.21142578125
0.0,0.30000000000000004,147.70000000000002,0.9988264203071594,7042.888671875
0.0,0.30000000000000004,147.70000000000002,0.8471301198005676,7043.5224609375
0.0,0.30000000000000004,147.70000000000002,0.8022074639797211,7044.21435546875
0.0,0.30000000000000004,147.70000000000002,0.9830389380455017,7045.0068359375
0.0,0.30000000000000004,147.70000000000002,1.0645082473754883,7045.81396484375
0.0,0.30000000000000004,147.70000000000002,0.8078935325145722,7046.60693359375
0.0,0.30000000000000004,147.70000000000002,0.7660318672657013,7047.3701171875
0.0,0.30000000000000004,147.70000000000002,0.8132642269134521,7048.11962890625
0.0,0.30000000000000004,147.70000000000002,0.7591121435165405,7048.8828125
0.0,0.30000000000000004,147.70000000000002,0.6478582978248596,7049.6328125
0.0,0.30000000000000004,147.70000000000002,0.6269878149032593,7050.32421875
0.0,0.30000000000000004,147.70000000000002,0.6588130295276642,7050.84326171875
0.0,0.30000000000000004,147.70000000000002,0.6688030779361726,7051.16015625
0.0,0.30000000000000004,147.70000000000002,0.5974258482456207,7051.39013671875
0.0,0.30000000000000004,147.70000000000002,0.5653037667274475,7051.31884765625
0.0,0.30000000000000004,147.70000000000002,0.5622891247272491,7051.31884765625
0.0,0.30000000000000004,147.70000000000002,0.5666023850440979,7051.31884765625
0.0,0.30000000000000004,147.70000000000002,0.5683740377426147,7051.31884765625
0.0,0.30000000000000004,147.70000000000002,0.56470085978508,7051.31884765625
0.0,0.30000000000000004,147.70000000000002,0.5637732446193695,7051.31884765625
0.0,0.30000000000000004,147.70000000000002,0.5253714680671692,7051.31884765625
0.0,0.30000000000000004,147.70000000000002,0.4722304701805115,7051.31884765625
0.0,0.30000000000000004,147.70000000000002,0.4718965351581574,7051.31884765625
0.0,0.30000000000000004,147.70000000000002,0.515214478969574,7051.31884765625
0.0,0.30000000000000004,147.70000000000002,0.5347493290901184,7051.31884765625
0.0,0.30000000000000004,147.70000000000002,0.5309647858142853,7051.31884765625
0.0,0.30000000000000004,147.70000000000002,0.486821311712265,7051.31884765625
0.0,0.30000000000000004,147.70000000000002,0.4668412685394287,7051.31884765625
0.0,0.30000000000000004,147.70000000000002,0.495828115940094,7051.31884765625
0.0,0.30000000000000004,147.70000000000002,0.5137303590774537,7051.31884765625
0.0,0.30000000000000004,147.70000000000002,0.521911633014679,7051.31884765625
0.0,0.30000000000000004,147.70000000000002,0.5255477428436279,7051.31884765625
0.0,0.30000000000000004,147.70000000000002,0.45867855548858644,7051.31884765625
0.0,0.30000000000000004,147.70000000000002,0.38581723272800444,7051.31884765625
0.0,0.30000000000000004,147.70000000000002,0.35300877392292024,7051.31884765625
0.0,0.30000000000000004,147.70000000000002,0.3381489336490631,7051.31884765625
0.0,0.30000000000000004,147.70000000000002,0.3316744565963745,7051.3330078125
0.0,0.30000000000000004,147.70000000000002,0.32806616127491,7051.3330078125
0.0,0.30000000000000004,147.70000000000002,0.32806616127491,7051.3330078125
0.0,0.30000000000000004,147.70000000000002,0.32806616127491,7051.3330078125
0.0,0.30000000000000004,147.70000000000002,0.32806616127491,7051.3330078125
0.0,0.30000000000000004,147.70000000000002,0.32806616127491,7051.3330078125
0.0,0.30000000000000004,147.70000000000002,0.32806616127491,7051.3330078125
0.0,0.30000000000000004,147.70000000000002,0.32806616127491,7051.3330078125
0.0,0.30000000000000004,147.70000000000002,0.32806616127491,7051.3330078125
0.0,0.30000000000000004,147.70000000000002,0.32806616127491,7051.3330078125
0.0,0.30000000000000004,147.70000000000002,0.32806616127491,7051.3330078125
0.0,0.30000000000000004,147.70000000000002,0.32806616127491,7051.3330078125
0.0,0.30000000000000004,147.70000000000002,0.32806616127491,7051.3330078125
0.0,0.30000000000000004,147.70000000000002,0.32806616127491,7051.3330078125
0.0,0.30000000000000004,147.70000000000002,0.32806616127491,7051.3330078125
0.0,0.30000000000000004,147.70000000000002,0.32806616127491,7051.3330078125
0.0,0.30000000000000004,147.70000000000002,0.32806616127491,7051.3330078125
0.0,0.30000000000000004,147.70000000000002,0.32806616127491,7051.3330078125
0.0,0.30000000000000004,147.70000000000002,0.32806616127491,7051.3330078125
0.0,0.30000000000000004,147.70000000000002,0.32806616127491,7051.3330078125
0.0,0.30000000000000004,147.70000000000002,0.32806616127491,7051.3330078125
0.0,0.30000000000000004,147.70000000000002,0.32806616127491,7051.3330078125
0.0,0.30000000000000004,147.70000000000002,0.32806616127491,7051.3330078125
0.0,0.30000000000000004,147.70000000000002,0.32806616127491,7051.3330078125
0.0,0.30000000000000004,147.70000000000002,0.32806616127491,7051.3330078125
0.0,0.30000000000000004,147.70000000000002,0.32806616127491,7051.3330078125
0.0,0.30000000000000004,147.70000000000002,0.32806616127491,7051.3330078125
0.0,0.30000000000000004,147.70000000000002,0.32806616127491,7051.3330078125
0.0,0.30000000000000004,147.70000000000002,0.32806616127491,7051.3330078125
0.0,0.30000000000000004,147.70000000000002,0.32806616127491,7051.3330078125
0.0,0.30000000000000004,147.70000000000002,0.32806616127491,7051.3330078125
0.0,0.30000000000000004,147.70000000000002,0.3306633710861206,7051.3330078125
0.0,0.30000000000000004,147.70000000000002,0.3501981943845749,7051.3330078125
0.0,0.30000000000000004,147.70000000000002,0.3590101897716522,7051.3330078125
0.0,0.30000000000000004,147.70000000000002,0.36278545260429385,7051.3330078125
0.0,0.30000000000000004,147.70000000000002,0.3664215624332428,7051.3330078125
0.0,0.30000000000000004,147.70000000000002,0.36855499148368837,7051.3330078125
0.0,0.30000000000000004,147.70000000000002,0.36855499148368837,7051.3330078125
0.0,0.30000000000000004,147.70000000000002,0.36855499148368837,7051.3330078125
0.0,0.30000000000000004,147.70000000000002,0.26198540925979613,7051.3330078125
0.0,0.30000000000000004,147.70000000000002,0.20808380395174028,7051.3330078125
0.0,0.30000000000000004,147.70000000000002,0.18379979431629181,7051.3330078125
0.0,0.30000000000000004,147.70000000000002,0.1729842156171799,7051.3330078125
0.0,0.30000000000000004,147.70000000000002,0.16816081255674362,7051.3330078125
0.0,0.30000000000000004,147.70000000000002,0.16592533886432648,7051.3330078125
0.0,0.30000000000000004,147.70000000000002,0.16592533886432648,7051.3330078125
0.0,0.30000000000000004,147.70000000000002,0.16411656439304353,7051.3330078125
0.0,0.30000000000000004,147.70000000000002,0.16411656439304353,7051.3330078125
0.0,0.30000000000000004,147.70000000000002,0.16411656439304353,7051.3330078125
0.0,0.30000000000000004,147.70000000000002,0.16411656439304353,7051.3330078125
0.0,0.30000000000000004,147.70000000000002,0.16411656439304353,7051.3330078125
0.0,0.30000000000000004,147.70000000000002,0.16411656439304353,7051.3330078125
0.0,0.30000000000000004,147.70000000000002,0.16411656439304353,7051.3330078125
0.0,0.30000000000000004,147.70000000000002,0.16411656439304353,7051.3330078125
0.0,0.30000000000000004,147.70000000000002,0.16411656439304353,7051.3330078125
0.0,0.30000000000000004,147.70000000000002,0.16411656439304353,7051.3330078125
0.0,0.30000000000000004,147.70000000000002,0.16411656439304353,7051.3330078125
0.0,0.30000000000000004,147.70000000000002,0.16411656439304353,7051.3330078125
0.0,0.30000000000000004,147.70000000000002,0.16411656439304353,7051.3330078125
0.0,0.30000000000000004,147.70000000000002,0.05853023305535317,7051.3330078125
0.0,0.30000000000000004,147.70000000000002,0.21590328812599183,7051.3330078125
0.0,0.30000000000000004,147.70000000000002,0.2868538051843643,7051.3330078125
0.0,0.30000000000000004,147.70000000000002,0.3295224130153656,7051.3330078125
0.0,0.30000000000000004,147.70000000000002,0.3549195259809494,7051.31884765625
0.0,0.30000000000000004,147.70000000000002,0.5663982689380646,7051.3330078125
0.0,0.30000000000000004,147.70000000000002,0.6884583592414856,7051.3330078125
0.0,0.30000000000000004,147.70000000000002,0.7092175841331482,7051.3330078125
0.0,0.30000000000000004,147.70000000000002,0.6143540740013123,7051.3330078125
0.0,0.30000000000000004,147.70000000000002,0.571666932106018,7051.3330078125
0.0,0.30000000000000004,147.70000000000002,0.5658417105674743,7051.3330078125
0.0,0.30000000000000004,147.70000000000002,0.5621778130531311,7051.3330078125
0.0,0.30000000000000004,147.70000000000002,0.5586808025836945,7051.3330078125
0.0,0.30000000000000004,147.70000000000002,0.5586808025836945,7051.3330078125
0.0,0.30000000000000004,147.70000000000002,0.5586808025836945,7051.3330078125
0.0,0.30000000000000004,147.70000000000002,0.5586808025836945,7051.3330078125
0.0,0.30000000000000004,147.70000000000002,0.3876909166574478,7051.3330078125
0.0,0.30000000000000004,147.70000000000002,0.3044406741857529,7051.3330078125
0.0,0.30000000000000004,147.70000000000002,0.26689229607582093,7051.3330078125
0.0,0.30000000000000004,147.70000000000002,0.2500288993120194,7051.3330078125
0.0,0.30000000000000004,147.70000000000002,0.24224652349948883,7051.3330078125
0.0,0.30000000000000004,147.70000000000002,0.23869388401508332,7051.3330078125
0.0,0.30000000000000004,147.70000000000002,0.23511343002319338,7051.3330078125
0.0,0.30000000000000004,147.70000000000002,0.00126150754513219,7051.3330078125
0.0,0.30000000000000004,147.70000000000002,0.14536090940237045,7051.3330078125
0.0,0.30000000000000004,147.70000000000002,0.37668986320495607,7051.3330078125
0.0,0.30000000000000004,147.70000000000002,0.5077567577362061,7051.3330078125
0.0,0.30000000000000004,147.70000000000002,0.5594136357307434,7051.3330078125
0.0,0.30000000000000004,147.70000000000002,0.5753680050373078,7051.3330078125
0.0,0.30000000000000004,147.70000000000002,0.7440018653869629,7051.3330078125
0.0,0.30000000000000004,147.70000000000002,0.8292278766632081,7051.3330078125
0.0,0.30000000000000004,147.70000000000002,0.7441781401634217,7051.3330078125
0.0,0.30000000000000004,147.70000000000002,0.5966837882995606,7051.3330078125
0.0,0.30000000000000004,147.70000000000002,0.5936505854129791,7051.3330078125
0.0,0.30000000000000004,147.70000000000002,0.6212739050388336,7051.3330078125
0.0,0.30000000000000004,147.70000000000002,0.6336292326450348,7051.3330078125
0.0,0.30000000000000004,147.70000000000002,0.5709898352622986,7051.3330078125
0.0,0.30000000000000004,147.70000000000002,0.5191752433776856,7051.3330078125
0.0,0.30000000000000004,147.70000000000002,0.5128027975559235,7051.3330078125
0.0,0.30000000000000004,147.70000000000002,0.5285345435142518,7051.3330078125
0.0,0.30000000000000004,147.70000000000002,0.5355006694793701,7051.3330078125
0.0,0.30000000000000004,147.70000000000002,0.5199080228805543,7051.3330078125
0.0,0.30000000000000004,147.70000000000002,0.49538286924362185,7051.3330078125
0.0,0.30000000000000004,147.70000000000002,0.48448382019996644,7051.3330078125
0.0,0.30000000000000004,147.70000000000002,0.47964184284210204,7051.3330078125
0.0,0.30000000000000004,147.70000000000002,0.4281612128019333,7051.3330078125
0.0,0.30000000000000004,147.70000000000002,0.38936059176921844,7051.3330078125
0.0,0.30000000000000004,147.70000000000002,0.3719035416841507,7051.3330078125
0.0,0.30000000000000004,147.70000000000002,0.363879981637001,7051.3330078125
0.0,0.30000000000000004,147.70000000000002,0.36024387180805206,7051.3330078125
0.0,0.30000000000000004,147.70000000000002,0.3595574676990509,7051.3330078125
0.0,0.30000000000000004,147.70000000000002,0.3595574676990509,7051.3330078125
0.0,0.30000000000000004,147.70000000000002,0.3595574676990509,7051.3330078125
0.0,0.30000000000000004,147.70000000000002,0.3595574676990509,7051.3330078125
0.0,0.30000000000000004,147.70000000000002,0.3595574676990509,7051.3330078125
0.0,0.30000000000000004,147.70000000000002,0.3595574676990509,7051.3330078125
0.0,0.30000000000000004,147.70000000000002,0.3595574676990509,7051.3330078125
0.0,0.30000000000000004,147.70000000000002,0.3595574676990509,7051.3330078125
0.0,0.30000000000000004,147.70000000000002,0.3595574676990509,7051.3330078125
0.0,0.30000000000000004,147.70000000000002,0.3595574676990509,7051.3330078125
0.0,0.30000000000000004,147.70000000000002,0.3595574676990509,7051.3330078125
0.0,0.30000000000000004,147.70000000000002,0.3595574676990509,7051.3330078125
0.0,0.30000000000000004,147.70000000000002,0.3595574676990509,7051.3330078125
0.0,0.30000000000000004,147.70000000000002,0.3595574676990509,7051.3330078125
0.0,0.30000000000000004,147.70000000000002,0.04839179813861847,7051.3330078125
0.0,0.30000000000000004,147.70000000000002,0.18639699071645738,7051.3330078125
0.0,0.30000000000000004,147.70000000000002,0.3000810652971268,7051.3330078125
0.0,0.30000000000000004,147.70000000000002,0.43181582987308503,7051.3330078125
0.0,0.30000000000000004,147.70000000000002,0.5115690886974334,7051.3330078125
0.0,0.30000000000000004,147.70000000000002,0.5992438495159149,7051.3330078125
0.0,0.30000000000000004,147.70000000000002,0.638805091381073,7051.3330078125
0.0,0.30000000000000004,147.70000000000002,0.6290655076503754,7051.3330078125
0.0,0.30000000000000004,147.70000000000002,0.7073160588741303,7051.3330078125
0.0,0.30000000000000004,147.70000000000002,0.7895830571651459,7051.3330078125
0.0,0.30000000000000004,147.70000000000002,0.7343642592430115,7051.3330078125
0.0,0.30000000000000004,147.70000000000002,0.8305449485778809,7051.3330078125
0.0,0.30000000000000004,147.70000000000002,1.001451337337494,7051.3330078125
0.0,0.30000000000000004,147.70000000000002,0.9357138276100159,7051.3330078125
0.0,0.30000000000000004,147.70000000000002,0.8570365905761719,7051.3330078125
0.0,0.30000000000000004,147.70000000000002,0.8688075721263886,7051.3330078125
0.0,0.30000000000000004,147.70000000000002,0.8712749361991883,7051.3330078125
0.0,0.30000000000000004,147.70000000000002,0.7496785998344422,7051.3330078125
0.0,0.30000000000000004,147.70000000000002,0.6953781366348267,7051.3330078125
0.0,0.30000000000000004,147.70000000000002,0.6721886694431305,7051.3330078125
0.0,0.30000000000000004,147.70000000000002,0.6617812156677246,7051.3330078125
0.0,0.30000000000000004,147.70000000000002,0.6053844451904297,7051.3330078125
0.0,0.30000000000000004,147.70000000000002,0.5013471364974976,7051.3330078125
0.0,0.30000000000000004,147.70000000000002,0.4544766068458557,7051.3330078125
0.0,0.30000000000000004,147.70000000000002,0.43337416648864746,7051.3330078125
0.0,0.30000000000000004,147.70000000000002,0.41081544756889343,7051.3330078125
0.0,0.30000000000000004,147.70000000000002,0.3989609956741333,7051.3330078125
0.0,0.30000000000000004,147.70000000000002,0.3937201738357544,7051.3330078125
0.0,0.30000000000000004,147.8,0.39013043940067293,7051.3330078125
0.0,0.30000000000000004,147.8,0.3865221440792084,7051.3330078125
0.0,0.30000000000000004,147.8,0.38638301789760593,7051.3330078125
0.0,0.30000000000000004,147.8,0.38638301789760593,7051.3330078125
0.0,0.30000000000000004,147.8,0.38638301789760593,7051.3330078125
0.0,0.30000000000000004,147.8,0.38638301789760593,7051.3330078125
0.0,0.30000000000000004,147.8,0.38638301789760593,7051.3330078125
0.0,0.30000000000000004,147.8,0.38638301789760593,7051.3330078125
0.0,0.30000000000000004,147.8,0.38638301789760593,7051.3330078125
0.0,0.30000000000000004,147.8,0.38638301789760593,7051.3330078125
0.0,0.30000000000000004,147.8,0.38638301789760593,7051.3330078125
0.0,0.30000000000000004,147.8,0.38638301789760593,7051.3330078125
0.0,0.30000000000000004,147.8,0.38638301789760593,7051.3330078125
0.0,0.30000000000000004,147.8,0.38638301789760593,7051.3330078125
0.0,0.30000000000000004,147.8,0.38638301789760593,7051.3330078125
0.0,0.30000000000000004,147.8,0.25385981798171997,7051.3330078125
0.0,0.30000000000000004,147.8,0.089427899569273,7051.3330078125
0.0,0.30000000000000004,147.8,0.24411098062992095,7051.3330078125
0.0,0.30000000000000004,147.70000000000002,0.32795484960079196,7051.3330078125
0.0,0.30000000000000004,147.70000000000002,0.3784893572330475,7051.3330078125
0.0,0.30000000000000004,147.70000000000002,0.511504179239273,7051.3330078125
0.0,0.30000000000000004,147.70000000000002,0.6042991697788239,7051.3330078125
0.0,0.30000000000000004,147.70000000000002,0.6431833148002625,7051.3330078125
0.0,0.30000000000000004,147.70000000000002,0.7045055866241455,7051.3330078125
0.0,0.30000000000000004,147.70000000000002,0.8184030175209046,7051.3330078125
0.0,0.30000000000000004,147.70000000000002,0.8285785675048828,7051.3330078125
0.0,0.30000000000000004,147.70000000000002,0.8489388942718507,7051.3330078125
0.0,0.30000000000000004,147.70000000000002,0.993279504776001,7051.3330078125
0.0,0.30000000000000004,147.70000000000002,1.000097143650055,7051.3330078125
0.0,0.30000000000000004,147.70000000000002,0.7651043057441712,7051.3330078125
0.0,0.30000000000000004,147.70000000000002,0.7078448295593261,7051.3330078125
0.0,0.30000000000000004,147.70000000000002,0.7140874564647675,7051.3330078125
0.0,0.30000000000000004,147.70000000000002,0.7178627192974091,7051.3330078125
0.0,0.30000000000000004,147.70000000000002,0.640957134962082,7051.34716796875
0.0,0.30000000000000004,147.70000000000002,0.5410754263401032,7051.34716796875
0.0,0.30000000000000004,147.70000000000002,0.49606924653053286,7051.36181640625
0.0,0.30000000000000004,147.70000000000002,0.4611644804477692,7051.4052734375
0.0,0.30000000000000004,147.70000000000002,0.42283692061901096,7051.505859375
0.0,0.30000000000000004,147.70000000000002,0.40559321343898774,7052.0966796875
0.0,0.30000000000000004,147.70000000000002,0.39765315055847167,7052.947265625
0.0,0.30000000000000004,147.70000000000002,0.39404485523700716,7054.099609375
0.0,0.30000000000000004,147.70000000000002,0.39332135617733005,7055.55517578125
0.0,0.30000000000000004,147.70000000000002,0.39332135617733005,7057.2265625
0.0,0.30000000000000004,147.70000000000002,0.39332135617733005,7059.14306640625
0.0,0.30000000000000004,147.70000000000002,0.39332135617733005,7061.37646484375
0.0,0.30000000000000004,147.70000000000002,0.39332135617733005,7063.94140625
0.0,0.30000000000000004,147.70000000000002,0.39332135617733005,7066.83740234375
0.0,0.30000000000000004,147.70000000000002,0.39332135617733005,7070.12353515625
0.0,0.30000000000000004,147.70000000000002,0.39332135617733005,7073.806640625
0.0,0.30000000000000004,147.70000000000002,0.39332135617733005,7077.92236328125
0.0,0.30000000000000004,147.70000000000002,0.39332135617733005,7082.49169921875
0.0,0.30000000000000004,147.70000000000002,0.39332135617733005,7087.5126953125
0.0,0.30000000000000004,147.70000000000002,0.39332135617733005,7092.994140625
0.0,0.30000000000000004,147.70000000000002,0.39332135617733005,7098.93994140625
0.0,0.30000000000000004,147.70000000000002,0.39332135617733005,7105.3603515625
0.0,0.30000000000000004,147.70000000000002,0.39332135617733005,7112.23681640625
0.0,0.30000000000000004,147.70000000000002,0.39332135617733005,7119.56201171875
0.0,0.30000000000000004,147.70000000000002,0.18556219339370728,7127.3369140625
0.0,0.30000000000000004,147.70000000000002,0.13014860004186632,7135.55908203125
0.0,0.30000000000000004,147.70000000000002,0.27242993116378783,7144.2353515625
0.0,0.30000000000000004,147.70000000000002,0.34031017720699314,7153.3603515625
0.0,0.30000000000000004,147.70000000000002,0.39029740691185,7162.97119140625
0.0,0.30000000000000004,147.70000000000002,0.4598101794719696,7173.29833984375
0.0,0.30000000000000004,147.70000000000002,0.5666950821876526,7184.14794921875
0.0,0.30000000000000004,147.70000000000002,0.6149291932582855,7195.46728515625
0.0,0.30000000000000004,147.70000000000002,0.5569647789001465,7207.47705078125
0.0,0.30000000000000004,147.70000000000002,0.6465225577354431,7220.1650390625
0.0,0.30000000000000004,147.70000000000002,0.7938313543796539,7233.31201171875
0.0,0.30000000000000004,147.70000000000002,0.8483080923557281,7247.0322265625
0.0,0.30000000000000004,147.70000000000002,0.7091712355613708,7261.21533203125
0.0,0.30000000000000004,147.70000000000002,0.650344169139862,7275.82421875
0.0,0.30000000000000004,147.70000000000002,0.6452610075473786,7290.8466796875
0.0,0.30000000000000004,147.70000000000002,0.6416434586048126,7306.26904296875
0.0,0.30000000000000004,147.70000000000002,0.6381279408931733,7322.0888671875
0.0,0.30000000000000004,147.70000000000002,0.5476426005363465,7338.30419921875
0.0,0.30000000000000004,147.70000000000002,0.46962395310401917,7354.8701171875
0.0,0.30000000000000004,147.70000000000002,0.43441306650638584,7371.802734375
0.0,0.30000000000000004,147.70000000000002,0.41860710382461547,7389.158203125
0.0,0.30000000000000004,147.70000000000002,0.38890603780746463,7406.90185546875
0.0,0.30000000000000004,147.70000000000002,0.3256915211677551,7425.10107421875
0.0,0.30000000000000004,147.70000000000002,0.29725195169448854,7444.02978515625
0.0,0.30000000000000004,147.70000000000002,0.2843771606683731,7463.33837890625
0.0,0.30000000000000004,147.70000000000002,0.27881168425083164,7482.90869140625
0.0,0.30000000000000004,147.70000000000002,0.27522194981575016,7502.85107421875
0.0,0.30000000000000004,147.70000000000002,0.2716229617595673,7522.994140625
0.0,0.30000000000000004,147.70000000000002,0.2711498737335205,7543.33935546875
0.0,0.30000000000000004,147.70000000000002,0.2711498737335205,7563.8193359375
0.0,0.30000000000000004,147.70000000000002,0.2711498737335205,7584.3134765625
0.0,0.30000000000000004,147.70000000000002,0.09775754660367966,7604.81689453125
0.0,0.30000000000000004,147.70000000000002,0.1230433613061905,7625.35302734375
0.0,0.30000000000000004,147.70000000000002,0.2225447729229927,7645.939453125
0.0,0.30000000000000004,147.70000000000002,0.2676621973514557,7666.5947265625
0.0,0.30000000000000004,147.70000000000002,0.3428146630525589,7687.32666015625
0.0,0.30000000000000004,147.70000000000002,0.3766991436481476,7708.1396484375
0.0,0.30000000000000004,147.70000000000002,0.48409420251846313,7729.00244140625
0.0,0.30000000000000004,147.70000000000002,0.5394428730010986,7749.86572265625
0.0,0.30000000000000004,147.70000000000002,0.5592930436134339,7770.69921875
0.0,0.30000000000000004,147.70000000000002,0.5263918340206146,7791.54833984375
0.0,0.30000000000000004,147.70000000000002,0.557317328453064,7812.4375
0.0,0.30000000000000004,147.70000000000002,0.6577834367752076,7833.34033203125
0.0,0.30000000000000004,147.70000000000002,0.703058534860611,7854.322265625
0.0,0.30000000000000004,147.70000000000002,0.6984948635101319,7875.38330078125
0.0,0.30000000000000004,147.70000000000002,0.5191196143627167,7896.5185546875
0.0,0.30000000000000004,147.70000000000002,0.43835532367229463,7917.73291015625
0.0,0.30000000000000004,147.70000000000002,0.4192750006914139,7939.00927734375
0.0,0.30000000000000004,147.70000000000002,0.4294319897890091,7960.36669921875
0.0,0.30000000000000004,147.70000000000002,0.43386581540107727,7981.798828125
0.0,0.30000000000000004,147.70000000000002,0.4375854223966599,8003.2802734375
0.0,0.30000000000000004,147.70000000000002,0.4400620669126511,8024.814453125
0.0,0.30000000000000004,147.70000000000002,0.4400620669126511,8046.39453125
0.0,0.30000000000000004,147.70000000000002,0.4400620669126511,8068.0107421875
0.0,0.30000000000000004,147.8,0.4400620669126511,8089.64111328125
0.0,0.30000000000000004,147.8,0.4400620669126511,8111.30810546875
0.0,0.30000000000000004,147.8,0.4400620669126511,8132.990234375
0.0,0.30000000000000004,147.8,0.4400620669126511,8154.6611328125
0.0,0.30000000000000004,147.8,0.4400620669126511,8176.306640625
0.0,0.30000000000000004,147.8,0.4400620669126511,8197.94140625
0.0,0.30000000000000004,147.8,0.4400620669126511,8219.5693359375
0.0,0.30000000000000004,147.8,0.4400620669126511,8241.2099609375
0.0,0.30000000000000004,147.8,0.4400620669126511,8262.837890625
0.0,0.30000000000000004,147.8,0.4400620669126511,8284.45703125
0.0,0.30000000000000004,147.8,0.4400620669126511,8306.0712890625
0.0,0.30000000000000004,147.8,0.388006317615509,8327.6875
0.0,0.30000000000000004,147.8,0.08973398655653,8349.294921875
0.0,0.30000000000000004,147.8,0.304923015832901,8370.8671875
0.0,0.30000000000000004,147.8,0.3926998347043991,8392.3779296875
0.0,0.30000000000000004,147.8,0.4037844121456146,8413.8212890625
0.0,0.30000000000000004,147.8,0.5393593490123749,8435.2548828125
0.0,0.30000000000000004,147.8,0.6849706828594208,8456.6591796875
0.0,0.30000000000000004,147.8,0.7506618440151215,8477.986328125
0.0,0.30000000000000004,147.8,0.6476913034915924,8499.2529296875
0.0,0.30000000000000004,147.8,0.5820651054382324,8520.48046875
0.0,0.30000000000000004,147.8,0.5583375871181488,8541.6787109375
0.0,0.30000000000000004,147.8,0.5508242368698121,8562.85546875
0.0,0.30000000000000004,147.8,0.5471881270408631,8583.892578125
0.0,0.30000000000000004,147.8,0.543552017211914,8604.798828125
0.0,0.30000000000000004,147.8,0.5421142458915711,8625.60546875
0.0,0.30000000000000004,147.8,0.5421142458915711,8646.318359375
0.0,0.30000000000000004,147.8,0.48084765672683716,8666.9697265625
0.0,0.30000000000000004,147.8,0.34148820340633396,8687.533203125
0.0,0.30000000000000004,147.8,0.2787003725767136,8707.98046875
0.0,0.30000000000000004,147.8,0.25041849017143253,8728.3447265625
0.0,0.30000000000000004,147.8,0.2375993549823761,8748.654296875
0.0,0.30000000000000004,147.8,0.23204315900802613,8768.931640625
0.0,0.30000000000000004,147.8,0.2284719854593277,8789.1435546875
0.0,0.30000000000000004,147.8,0.22488225102424622,8809.275390625
0.0,0.30000000000000004,147.8,0.11189385429024697,8829.3271484375
0.0,0.30000000000000004,147.8,0.09217352941632272,8849.298828125
0.0,0.30000000000000004,147.8,0.27354304790496825,8869.16796875
0.0,0.30000000000000004,147.8,0.46554265022277835,8888.9677734375
0.0,0.30000000000000004,147.8,0.5516312599182129,8908.7607421875
0.0,0.30000000000000004,147.8,0.582278448343277,8928.611328125
0.0,0.30000000000000004,147.8,0.7383436381816865,8948.474609375
0.0,0.30000000000000004,147.8,0.8612385928630829,8968.353515625
0.0,0.30000000000000004,147.8,0.7921154379844666,8988.25
0.0,0.30000000000000004,147.8,0.6509193420410156,9008.162109375
0.0,0.30000000000000004,147.8,0.6940981328487397,9028.1015625
0.0,0.30000000000000004,147.8,0.7255430638790131,9048.0673828125
0.0,0.30000000000000004,147.8,0.6896735608577729,9068.0810546875
0.0,0.30000000000000004,147.70000000000002,0.6258561372756958,9088.1279296875
0.0,0.30000000000000004,147.70000000000002,0.6311526417732239,9108.2265625
0.0,0.30000000000000004,147.70000000000002,0.6510955631732941,9128.3779296875
0.0,0.30000000000000004,147.70000000000002,0.6499639391899109,9148.5888671875
0.0,0.30000000000000004,147.70000000000002,0.6336385130882264,9168.8935546875
0.0,0.30000000000000004,147.70000000000002,0.6262642621994019,9189.2900390625
0.0,0.30000000000000004,147.70000000000002,0.5931404292583465,9209.7587890625
0.0,0.30000000000000004,147.70000000000002,0.5762677788734436,9230.3154296875
0.0,0.30000000000000004,147.70000000000002,0.5499894261360169,9250.9501953125
0.0,0.30000000000000004,147.70000000000002,0.5296940088272095,9271.6513671875
0.0,0.30000000000000004,147.70000000000002,0.5194349884986877,9292.4267578125
0.0,0.30000000000000004,147.70000000000002,0.5119030237197876,9313.2890625
0.0,0.30000000000000004,147.70000000000002,0.5588014483451843,9334.232421875
0.0,0.30000000000000004,147.70000000000002,0.6499639391899109,9355.240234375
0.0,0.30000000000000004,147.70000000000002,0.6689236164093018,9376.294921875
0.0,0.30000000000000004,147.70000000000002,0.6221365571022034,9397.4013671875
0.0,0.30000000000000004,147.70000000000002,0.683653610944748,9418.591796875
0.0,0.30000000000000004,147.70000000000002,0.7634810328483582,9439.8603515625
0.0,0.30000000000000004,147.70000000000002,0.7477307796478272,9461.19140625
0.0,0.30000000000000004,147.70000000000002,0.6796464443206788,9482.564453125
0.0,0.30000000000000004,147.70000000000002,0.6439253747463226,9503.9765625
0.0,0.30000000000000004,147.70000000000002,0.6229157388210297,9525.4404296875
0.0,0.30000000000000004,147.70000000000002,0.613435846567154,9546.9365234375
0.0,0.30000000000000004,147.70000000000002,0.5659066736698151,9568.4267578125
0.0,0.30000000000000004,147.70000000000002,0.4618230700492859,9589.939453125
0.0,0.30000000000000004,147.70000000000002,0.4149432063102722,9611.4755859375
0.0,0.30000000000000004,147.70000000000002,0.3938407927751541,9633.0478515625
0.0,0.30000000000000004,147.70000000000002,0.3842774569988251,9654.6708984375
0.0,0.30000000000000004,147.70000000000002,0.3800755083560944,9676.345703125
0.0,0.30000000000000004,147.70000000000002,0.37842442095279694,9698.05859375
0.0,0.30000000000000004,147.70000000000002,0.37842442095279694,9719.7685546875
0.0,0.30000000000000004,147.70000000000002,0.37842442095279694,9741.4052734375
0.0,0.30000000000000004,147.70000000000002,0.37842442095279694,9763.013671875
0.0,0.30000000000000004,147.70000000000002,0.37842442095279694,9784.640625
0.0,0.30000000000000004,147.70000000000002,0.37842442095279694,9806.267578125
0.0,0.30000000000000004,147.70000000000002,0.37842442095279694,9827.896484375
0.0,0.30000000000000004,147.70000000000002,0.37842442095279694,9849.4990234375
0.0,0.30000000000000004,147.70000000000002,0.17848475575447084,9870.986328125
0.0,0.30000000000000004,147.70000000000002,0.13966556042432784,9892.1923828125
0.0,0.30000000000000004,147.70000000000002,0.35610683262348175,9913.1640625
0.0,0.30000000000000004,147.70000000000002,0.50630042552948,9934.0302734375
0.0,0.30000000000000004,147.70000000000002,0.5774271905422211,9954.818359375
0.0,0.30000000000000004,147.70000000000002,0.613278079032898,9975.474609375
0.0,0.30000000000000004,147.70000000000002,0.7158034265041352,9996.0576171875
0.0,0.30000000000000004,147.70000000000002,0.786559134721756,10016.6015625
0.0,0.30000000000000004,147.70000000000002,0.7218419373035431,10037.154296875
0.0,0.30000000000000004,147.70000000000002,0.6586367011070252,10057.7060546875
0.0,0.30000000000000004,147.70000000000002,0.7192076325416565,10078.275390625
0.0,0.30000000000000004,147.70000000000002,0.7558933854103088,10098.8671875
0.0,0.30000000000000004,147.70000000000002,0.6758154988288879,10119.4794921875
0.0,0.30000000000000004,147.70000000000002,0.6260044634342193,10140.1103515625
0.0,0.30000000000000004,147.70000000000002,0.634028023481369,10160.7822265625
0.0,0.30000000000000004,147.70000000000002,0.651726257801056,10181.478515625
0.0,0.30000000000000004,147.70000000000002,0.7064534068107605,10202.171875
0.0,0.30000000000000004,147.70000000000002,0.766050374507904,10222.865234375
0.0,0.30000000000000004,147.70000000000002,0.8307490110397339,10243.5595703125
0.0,0.30000000000000004,147.70000000000002,0.8991301596164704,10264.267578125
0.0,0.30000000000000004,147.70000000000002,0.8861718714237213,10285.02734375
0.0,0.30000000000000004,147.70000000000002,0.9214569211006165,10305.84375
0.0,0.30000000000000004,147.70000000000002,1.0099201440811159,10326.7041015625
0.0,0.30000000000000004,147.70000000000002,0.8954012453556061,10347.63671875
0.0,0.30000000000000004,147.70000000000002,1.134976315498352,10368.6064453125
0.0,0.30000000000000004,147.70000000000002,1.163091230392456,10389.630859375
0.0,0.30000000000000004,147.70000000000002,1.064971947669983,10410.7021484375
0.0,0.30000000000000004,147.70000000000002,1.0865845441818238,10431.8056640625
0.0,0.30000000000000004,147.70000000000002,1.0042434096336366,10452.9326171875
0.0,0.30000000000000004,147.70000000000002,0.9353799462318421,10474.0908203125
0.0,0.30000000000000004,147.70000000000002,0.9255197167396546,10495.2744140625
0.0,0.30000000000000004,147.70000000000002,0.8426127433776855,10516.4814453125
0.0,0.30000000000000004,147.70000000000002,0.7319432973861695,10537.662109375
0.0,0.30000000000000004,147.70000000000002,0.712297135591507,10558.8505859375
0.0,0.30000000000000004,147.70000000000002,0.7192539811134339,10580.0673828125
0.0,0.30000000000000004,147.70000000000002,0.7066853106021881,10601.330078125
0.0,0.30000000000000004,147.70000000000002,0.6445096671581269,10622.6650390625
0.0,0.30000000000000004,147.8,0.6165060639381409,10644.076171875
0.0,0.30000000000000004,147.8,0.6026573359966279,10665.5146484375
0.0,0.30000000000000004,147.8,0.48848165273666383,10686.986328125
0.0,0.30000000000000004,147.8,0.43696390092372894,10708.470703125
0.0,0.30000000000000004,147.8,0.4138764649629593,10729.8916015625
0.0,0.30000000000000004,147.8,0.403459757566452,10751.15234375
0.0,0.30000000000000004,147.8,0.39884968400001525,10772.2646484375
0.0,0.30000000000000004,147.8,0.3444750040769577,10793.322265625
0.0,0.30000000000000004,147.8,0.30055415332317353,10814.3974609375
0.0,0.30000000000000004,147.8,0.28064830005168917,10835.498046875
0.0,0.30000000000000004,147.8,0.2717064321041107,10856.6669921875
0.0,0.30000000000000004,147.8,0.26782916486263275,10877.92578125
0.0,0.30000000000000004,147.8,0.26423014998435973,10899.3056640625
0.0,0.30000000000000004,147.8,0.26181844174861907,10920.7900390625
0.0,0.30000000000000004,147.8,0.26181844174861907,10942.3671875
0.0,0.30000000000000004,147.8,0.26181844174861907,10964.048828125
0.0,0.30000000000000004,147.8,0.20478161573410034,10985.8349609375
0.0,0.30000000000000004,147.8,0.04950489476323128,11007.73828125
0.0,0.30000000000000004,147.8,0.16407945603132248,11029.72265625
0.0,0.30000000000000004,147.8,0.21574561446905136,11051.7705078125
0.0,0.30000000000000004,147.8,0.3048488527536392,11073.8662109375
0.0,0.30000000000000004,147.8,0.34781432747840885,11096.00390625
0.0,0.30000000000000004,147.8,0.41913587450981143,11118.1875
0.0,0.30000000000000004,147.8,0.4972472727298737,11140.400390625
0.0,0.30000000000000004,147.8,0.568244218826294,11162.6416015625
0.0,0.30000000000000004,147.8,0.6288150966167451,11184.9267578125
0.0,0.30000000000000004,147.8,0.6329984843730927,11207.251953125
0.0,0.30000000000000004,147.8,0.6534052133560181,11229.5751953125
0.0,0.30000000000000004,147.8,0.7771350324153901,11251.9013671875
0.0,0.30000000000000004,147.8,0.8157130300998688,11274.21875
0.0,0.30000000000000004,147.8,0.879586136341095,11296.515625
0.0,0.30000000000000004,147.8,0.9927692413330078,11318.7939453125
0.0,0.30000000000000004,147.8,0.9626414895057679,11341.0673828125
0.0,0.30000000000000004,147.8,1.1404027462005615,11363.3408203125
0.0,0.30000000000000004,147.8,1.1679797172546387,11385.6162109375
0.0,0.30000000000000004,147.8,0.9642090797424316,11407.8916015625
0.0,0.30000000000000004,147.8,1.0281842708587647,11430.134765625
0.0,0.30000000000000004,147.8,0.986971914768219,11452.3388671875
0.0,0.30000000000000004,147.8,0.9450453400611878,11474.521484375
0.0,0.30000000000000004,147.8,0.9854135513305664,11496.66015625
0.0,0.30000000000000004,147.8,0.9797460436820984,11518.744140625
0.0,0.30000000000000004,147.8,0.9565937519073486,11540.7880859375
0.0,0.30000000000000004,147.8,0.9169211983680725,11562.7587890625
0.0,0.30000000000000004,147.8,0.8582425117492676,11584.67578125
0.0,0.30000000000000004,147.8,0.8184957683086396,11606.5439453125
0.0,0.30000000000000004,147.8,0.7863366186618805,11628.37109375
0.0,0.30000000000000004,147.8,0.9154277443885803,11650.146484375
0.0,0.30000000000000004,147.8,0.9269297003746033,11671.8662109375
0.0,0.30000000000000004,147.8,0.8948447942733765,11693.5283203125
0.0,0.30000000000000004,147.8,1.028601622581482,11715.15234375
0.0,0.30000000000000004,147.8,0.9887529015541077,11736.7568359375
0.0,0.30000000000000004,147.8,0.930129897594452,11758.365234375
0.0,0.30000000000000004,147.8,0.9157152771949768,11779.982421875
0.0,0.30000000000000004,147.8,0.8326042413711549,11801.6142578125
0.0,0.30000000000000004,147.8,0.7593718886375428,11823.2490234375
0.0,0.30000000000000004,147.8,0.8570366442203522,11844.8779296875
0.0,0.30000000000000004,147.8,0.9009296536445618,11866.3056640625
0.0,0.30000000000000004,147.8,0.7374902665615082,11887.47265625
0.0,0.30000000000000004,147.8,0.638118714094162,11908.37109375
0.0,0.30000000000000004,147.8,0.7147182047367097,11929.0419921875
0.0,0.30000000000000004,147.8,0.7490850269794465,11949.1953125
0.0,0.30000000000000004,147.8,0.7327410936355591,11968.447265625
0.0,0.30000000000000004,147.8,0.5870276749134063,11986.697265625
0.0,0.30000000000000004,147.8,0.5347956776618957,12003.9501953125
0.0,0.30000000000000004,147.8,0.567010509967804,12020.25390625
0.0,0.30000000000000004,147.8,0.5815456688404084,12035.7978515625
0.0,0.30000000000000004,147.8,0.543143892288208,12050.9521484375
0.0,0.30000000000000004,147.8,0.5155020654201508,12065.408203125
0.0,0.30000000000000004,147.8,0.6094843626022339,12078.8310546875
0.0,0.30000000000000004,147.8,0.6700274527072907,12090.7197265625
0.0,0.30000000000000004,147.8,0.6384897708892823,12101.0458984375
0.0,0.30000000000000004,147.8,0.6023605763912201,12109.8095703125
0.0,0.30000000000000004,147.8,0.6498526275157929,12117.029296875
0.0,0.30000000000000004,147.8,0.6900817394256592,12122.8720703125
0.0,0.30000000000000004,147.8,0.6866218507289886,12127.81640625
0.0,0.30000000000000004,147.8,0.6785518884658813,12132.5712890625
0.0,0.30000000000000004,147.8,0.6404376983642578,12137.4541015625
0.0,0.30000000000000004,147.8,0.6126010358333588,12142.5869140625
0.0,0.30000000000000004,147.8,0.6266631603240967,12148.0244140625
0.0,0.30000000000000004,147.8,0.6362171888351441,12153.88671875
0.0,0.30000000000000004,147.8,0.6482849836349488,12160.28515625
0.0,0.30000000000000004,147.8,0.6556407272815704,12167.19921875
0.0,0.30000000000000004,147.70000000000002,0.6403912961483001,12174.5634765625
0.0,0.30000000000000004,147.70000000000002,0.6295757174491883,12182.3974609375
0.0,0.30000000000000004,147.70000000000002,0.62477086186409,12190.6201171875
0.0,0.30000000000000004,147.70000000000002,0.6229899287223816,12199.2177734375
0.0,0.30000000000000004,147.70000000000002,0.6229899287223816,12208.232421875
0.0,0.30000000000000004,147.70000000000002,0.5695335030555725,12217.8720703125
0.0,0.30000000000000004,147.70000000000002,0.540815681219101,12227.9072265625
0.0,0.30000000000000004,147.70000000000002,0.5278481125831604,12238.4130859375
0.0,0.30000000000000004,147.70000000000002,0.45940205454826355,12249.451171875
0.0,0.30000000000000004,147.8,0.4202304035425186,12261.2255859375
0.0,0.30000000000000004,147.8,0.402569317817688,12273.4765625
0.0,0.30000000000000004,147.8,0.38777441382408145,12286.267578125
0.0,0.30000000000000004,147.8,0.37880473136901854,12299.8095703125
0.0,0.30000000000000004,147.8,0.3749181836843491,12313.791015625
0.0,0.30000000000000004,147.8,0.40739273428916933,12328.4609375
0.0,0.30000000000000004,147.8,0.4365465223789215,12343.5771484375
0.0,0.30000000000000004,147.8,0.44965321719646456,12359.0595703125
0.0,0.30000000000000004,147.8,0.45120227336883545,12374.8662109375
0.0,0.30000000000000004,147.8,0.45120227336883545,12391.0146484375
0.0,0.30000000000000004,147.8,0.48581022620201114,12407.5107421875
0.0,0.30000000000000004,147.8,0.5340443372726441,12424.5556640625
0.0,0.30000000000000004,147.8,0.555675494670868,12441.8671875
0.0,0.30000000000000004,147.8,0.5453237235546112,12459.4267578125
0.0,0.30000000000000004,147.8,0.539619094133377,12477.21484375
0.0,0.30000000000000004,147.8,0.5284046709537507,12495.263671875
0.0,0.30000000000000004,147.8,0.46897469758987426,12513.55078125
0.0,0.30000000000000004,147.8,0.44226043224334716,12532.0029296875
0.0,0.30000000000000004,147.8,0.42881980240345,12550.6728515625
0.0,0.30000000000000004,147.8,0.40715155005455017,12569.5595703125
0.0,0.30000000000000004,147.8,0.3973655909299851,12588.6474609375
0.0,0.30000000000000004,147.8,0.39306163787841797,12607.93359375
0.0,0.30000000000000004,147.8,0.39141980409622196,12627.4482421875
0.0,0.30000000000000004,147.8,0.3650765687227249,12647.150390625
0.0,0.30000000000000004,147.8,0.3304129332304001,12667.01953125
0.0,0.30000000000000004,147.8,0.31481105983257296,12687.0439453125
0.0,0.30000000000000004,147.8,0.3078727751970291,12707.2119140625
0.0,0.30000000000000004,147.8,0.3042273849248886,12727.5048828125
0.0,0.30000000000000004,147.8,0.3040789783000946,12747.8857421875
0.0,0.30000000000000004,147.8,0.2653710812330246,12768.369140625
0.0,0.30000000000000004,147.8,0.23711704015731813,12788.9296875
0.0,0.30000000000000004,147.8,0.22437209486961365,12809.552734375
0.0,0.30000000000000004,147.8,0.21885300725698473,12830.1142578125
0.0,0.30000000000000004,147.8,0.21598678529262544,12850.7666015625
0.0,0.30000000000000004,147.8,0.21598678529262544,12871.537109375
0.0,0.30000000000000004,147.8,0.21598678529262544,12892.412109375
0.0,0.30000000000000004,147.8,0.21598678529262544,12913.419921875
0.0,0.30000000000000004,147.8,0.19693430364131928,12934.552734375
0.0,0.30000000000000004,147.8,0.18815013617277146,12955.8291015625
0.0,0.30000000000000004,147.8,0.18442126214504242,12977.2646484375
0.0,0.30000000000000004,147.8,0.1834009364247322,12998.8720703125
0.0,0.30000000000000004,147.8,0.1834009364247322,13020.6328125
0.0,0.30000000000000004,147.8,0.1834009364247322,13042.5224609375
0.0,0.30000000000000004,147.8,0.1917213097214699,13064.4482421875
0.0,0.30000000000000004,147.8,0.20005097687244416,13086.4033203125
0.0,0.30000000000000004,147.8,0.20370563417673113,13108.3662109375
0.0,0.30000000000000004,147.8,0.20736030489206314,13130.3037109375
0.0,0.30000000000000004,147.8,0.20913197100162506,13152.2333984375
0.0,0.30000000000000004,147.8,0.2103378251194954,13174.1494140625
0.0,0.30000000000000004,147.8,0.21452121287584305,13196.0234375
0.0,0.30000000000000004,147.8,0.21817587018013002,13217.876953125
0.0,0.30000000000000004,147.8,0.2206710621714592,13239.7041015625
0.0,0.30000000000000004,147.8,0.2206710621714592,13261.498046875
0.0,0.30000000000000004,147.8,0.24630934596061707,13283.2568359375
0.0,0.30000000000000004,147.8,0.2609001606702805,13304.9697265625
0.0,0.30000000000000004,147.8,0.2671798557043076,13326.6240234375
0.0,0.30000000000000004,147.8,0.27080671191215516,13348.0546875
0.0,0.30000000000000004,147.8,0.2751477599143982,13369.4091796875
0.0,0.30000000000000004,147.8,0.2840061575174332,13390.70703125
0.0,0.30000000000000004,147.8,0.2878184884786606,13411.9775390625
0.0,0.30000000000000004,147.8,0.29145459830760956,13433.2587890625
0.0,0.30000000000000004,147.8,0.294784614443779,13454.548828125
0.0,0.30000000000000004,147.8,0.30327195525169376,13475.8330078125
0.0,0.30000000000000004,147.8,0.3069080919027329,13497.115234375
0.0,0.30000000000000004,147.8,0.31054420173168185,13518.3740234375
0.0,0.30000000000000004,147.8,0.331999084353447,13539.6103515625
0.0,0.30000000000000004,147.8,0.3591493427753449,13560.8173828125
0.0,0.30000000000000004,147.8,0.3713284492492676,13582.0263671875
0.0,0.30000000000000004,147.8,0.3981076508760452,13603.2099609375
0.0,0.30000000000000004,147.8,0.42729856073856354,13624.3466796875
0.0,0.30000000000000004,147.8,0.4404423773288727,13645.392578125
0.0,0.30000000000000004,147.8,0.42909808158874513,13666.3759765625
0.0,0.30000000000000004,147.8,0.40901598036289216,13687.337890625
0.0,0.30000000000000004,147.8,0.40002773702144623,13708.1259765625
0.0,0.30000000000000004,147.8,0.3993691742420197,13728.720703125
0.0,0.30000000000000004,147.8,0.3993691742420197,13749.2548828125
0.0,0.30000000000000004,147.8,0.3993691742420197,13769.73046875
0.0,0.30000000000000004,147.8,0.4332350671291351,13790.169921875
0.0,0.30000000000000004,147.8,0.46356688141822816,13810.591796875
0.0,0.30000000000000004,147.8,0.47725794911384584,13830.9921875
0.0,0.30000000000000004,147.8,0.483073890209198,13851.3955078125
0.0,0.30000000000000004,147.8,0.4110102832317352,13871.814453125
0.0,0.30000000000000004,147.8,0.3591771572828293,13892.216796875
0.0,0.30000000000000004,147.8,0.33585781753063204,13912.595703125
0.0,0.30000000000000004,147.8,0.32539473474025726,13932.939453125
0.0,0.30000000000000004,147.8,0.3207568466663361,13953.2587890625
0.0,0.30000000000000004,147.8,0.31874398291110995,13973.5361328125
0.0,0.30000000000000004,147.8,0.31874398291110995,13993.755859375
0.0,0.30000000000000004,147.8,0.31874398291110995,14013.9404296875
0.0,0.30000000000000004,147.8,0.31874398291110995,14034.021484375
0.0,0.30000000000000004,147.8,0.31874398291110995,14054.1376953125
0.0,0.30000000000000004,147.8,0.31874398291110995,14074.2431640625
0.0,0.30000000000000004,147.8,0.31874398291110995,14094.3291015625
0.0,0.30000000000000004,147.8,0.31874398291110995,14114.3603515625
0.0,0.30000000000000004,147.8,0.31874398291110995,14134.357421875
0.0,0.30000000000000004,147.8,0.31874398291110995,14154.373046875
0.0,0.30000000000000004,147.70000000000002,0.31874398291110995,14174.4296875
0.0,0.30000000000000004,147.70000000000002,0.31874398291110995,14194.5693359375
0.0,0.30000000000000004,147.70000000000002,0.31874398291110995,14214.7958984375
0.0,0.30000000000000004,147.70000000000002,0.31874398291110995,14235.046875
0.0,0.30000000000000004,147.70000000000002,0.31874398291110995,14255.2822265625
0.0,0.30000000000000004,147.70000000000002,0.31874398291110995,14275.5166015625
0.0,0.30000000000000004,147.70000000000002,0.31874398291110995,14295.7734375
0.0,0.30000000000000004,147.70000000000002,0.31874398291110995,14316.078125
0.0,0.30000000000000004,147.70000000000002,0.31874398291110995,14336.4677734375
0.0,0.30000000000000004,147.70000000000002,0.22778558135032653,14356.93359375
0.0,0.30000000000000004,147.70000000000002,0.03495117835700512,14377.4677734375
0.0,0.30000000000000004,147.70000000000002,0.051962975040078165,14398.119140625
0.0,0.30000000000000004,147.70000000000002,0.09111608192324638,14418.8740234375
0.0,0.30000000000000004,147.70000000000002,0.10879574194550515,14439.7294921875
0.0,0.30000000000000004,147.70000000000002,0.11701409071683884,14460.7001953125
0.0,0.30000000000000004,147.70000000000002,0.12057598382234573,14481.8115234375
0.0,0.30000000000000004,147.70000000000002,0.12152211964130402,14503.0625
0.0,0.30000000000000004,147.70000000000002,0.12152211964130402,14524.4267578125
0.0,0.30000000000000004,147.70000000000002,0.12152211964130402,14545.8779296875
0.0,0.30000000000000004,147.70000000000002,0.12152211964130402,14567.416015625
0.0,0.30000000000000004,147.70000000000002,0.12152211964130402,14589.0615234375
0.0,0.30000000000000004,147.70000000000002,0.12152211964130402,14610.79296875
0.0,0.30000000000000004,147.70000000000002,0.12152211964130402,14632.5556640625
0.0,0.30000000000000004,147.70000000000002,0.12152211964130402,14654.3388671875
0.0,0.30000000000000004,147.70000000000002,0.12152211964130402,14676.1552734375
0.0,0.30000000000000004,147.70000000000002,0.12152211964130402,14697.974609375
0.0,0.30000000000000004,147.70000000000002,0.12152211964130402,14719.8125
0.0,0.30000000000000004,147.70000000000002,0.019970774464309216,14741.6513671875
0.0,0.30000000000000004,147.70000000000002,0.04652736447751522,14763.451171875
0.0,0.30000000000000004,147.70000000000002,0.07652527391910553,14785.228515625
0.0,0.30000000000000004,147.70000000000002,0.09011430367827415,14806.9658203125
0.0,0.30000000000000004,147.70000000000002,0.09590239673852921,14828.693359375
0.0,0.30000000000000004,147.70000000000002,0.09949213117361069,14850.4140625
0.0,0.30000000000000004,147.70000000000002,0.10309113934636116,14872.1806640625
0.0,0.30000000000000004,147.70000000000002,0.10377754345536232,14893.98828125
0.0,0.30000000000000004,147.70000000000002,0.10377754345536232,14915.8486328125
0.0,0.30000000000000004,147.70000000000002,0.10377754345536232,14937.71484375
0.0,0.30000000000000004,147.70000000000002,0.10377754345536232,14959.5478515625
0.0,0.30000000000000004,147.70000000000002,0.10377754345536232,14981.30859375
0.0,0.30000000000000004,147.70000000000002,0.10377754345536232,15003.0380859375
0.0,0.30000000000000004,147.70000000000002,0.10377754345536232,15024.736328125
0.0,0.30000000000000004,147.70000000000002,0.10377754345536232,15046.3779296875
0.0,0.30000000000000004,147.70000000000002,0.10377754345536232,15067.955078125
0.0,0.30000000000000004,147.70000000000002,0.10377754345536232,15089.4814453125
0.0,0.30000000000000004,147.70000000000002,0.10377754345536232,15110.9931640625
0.0,0.30000000000000004,147.8,0.10377754345536232,15132.501953125
0.0,0.30000000000000004,147.8,0.10377754345536232,15154.0458984375
0.0,0.30000000000000004,147.8,0.10377754345536232,15175.6328125
0.0,0.30000000000000004,147.8,0.10377754345536232,15197.2900390625
0.0,0.30000000000000004,147.8,0.10377754345536232,15219.0224609375
0.0,0.30000000000000004,147.8,0.10377754345536232,15240.8251953125
0.0,0.30000000000000004,147.8,0.10377754345536232,15262.7216796875
0.0,0.30000000000000004,147.8,0.10377754345536232,15284.724609375
0.0,0.30000000000000004,147.8,0.10377754345536232,15306.83203125
0.0,0.30000000000000004,147.8,0.10377754345536232,15329.0546875
0.0,0.30000000000000004,147.8,0.10377754345536232,15351.3994140625
0.0,0.30000000000000004,147.8,0.10377754345536232,15373.8916015625
0.0,0.30000000000000004,147.8,0.009758132044225931,15396.5185546875
0.0,0.30000000000000004,147.8,0.03836466483771801,15419.3017578125
0.0,0.30000000000000004,147.8,0.05995870381593704,15442.2177734375
0.0,0.30000000000000004,147.8,0.06973538920283318,15465.3212890625
0.0,0.30000000000000004,147.8,0.0740300752222538,15488.578125
0.0,0.30000000000000004,147.8,0.0757275514304638,15511.958984375
0.0,0.30000000000000004,147.8,0.0757275514304638,15535.4736328125
0.0,0.30000000000000004,147.8,0.0757275514304638,15559.0576171875
0.0,0.30000000000000004,147.8,0.0757275514304638,15582.6328125
0.0,0.30000000000000004,147.8,0.0757275514304638,15605.962890625
0.0,0.30000000000000004,147.8,0.0757275514304638,15629.0322265625
0.0,0.30000000000000004,147.8,0.0757275514304638,15651.8525390625
0.0,0.30000000000000004,147.8,0.0757275514304638,15674.4267578125
0.0,0.30000000000000004,147.8,0.0757275514304638,15696.765625
0.0,0.30000000000000004,147.8,0.0757275514304638,15718.8671875
0.0,0.30000000000000004,147.8,0.0757275514304638,15740.7646484375
0.0,0.30000000000000004,147.8,0.0757275514304638,15762.525390625
0.0,0.30000000000000004,147.8,0.0757275514304638,15784.2138671875
0.0,0.30000000000000004,147.8,0.0757275514304638,15805.8466796875
0.0,0.30000000000000004,147.8,0.0757275514304638,15827.4404296875
0.0,0.30000000000000004,147.8,0.0757275514304638,15849.0400390625
0.0,0.30000000000000004,147.8,0.0757275514304638,15870.7021484375
0.0,0.30000000000000004,147.8,0.0757275514304638,15892.4814453125
0.0,0.30000000000000004,147.8,0.0757275514304638,15914.392578125
0.0,0.30000000000000004,147.8,0.0757275514304638,15936.42578125
0.0,0.30000000000000004,147.8,0.0757275514304638,15958.5771484375
0.0,0.30000000000000004,147.8,0.0757275514304638,15980.87890625
0.0,0.30000000000000004,147.8,0.0757275514304638,16003.302734375
0.0,0.30000000000000004,147.8,0.0757275514304638,16025.7490234375
0.0,0.30000000000000004,147.8,0.04850310310721397,16048.12109375
0.0,0.30000000000000004,147.8,0.02315237056463957,16070.48046875
0.0,0.30000000000000004,147.8,0.011984320264309645,16092.916015625
0.0,0.30000000000000004,147.8,0.007012497168034315,16115.4814453125
0.0,0.30000000000000004,147.8,0.0033763875486329197,16138.224609375
0.0,0.30000000000000004,147.8,0.0,16161.1142578125
0.0,0.30000000000000004,147.8,0.0,16184.130859375
0.0,0.30000000000000004,147.8,0.0,16207.1416015625
0.0,0.30000000000000004,147.8,0.0,16229.9287109375
0.0,0.30000000000000004,147.8,0.0,16252.4599609375
0.0,0.30000000000000004,147.8,0.0,16274.806640625
0.0,0.30000000000000004,147.8,0.0,16297.033203125
0.0,0.30000000000000004,147.8,0.0,16319.1865234375
0.0,0.30000000000000004,147.8,0.0,16341.296875
0.0,0.30000000000000004,147.8,0.0,16363.3583984375
0.0,0.30000000000000004,147.8,0.0,16385.216796875
0.0,0.30000000000000004,147.8,0.0,16406.912109375
0.0,0.30000000000000004,147.8,0.0,16428.494140625
0.0,0.30000000000000004,147.8,0.0,16450.037109375
0.0,0.30000000000000004,147.8,0.0,16471.609375
0.0,0.30000000000000004,147.8,0.0,16493.25
0.0,0.30000000000000004,147.8,0.0,16514.97265625
0.0,0.30000000000000004,147.8,0.0,16536.80078125
0.0,0.30000000000000004,147.8,0.0,16558.7265625
0.0,0.30000000000000004,147.8,0.0,16580.740234375
0.0,0.30000000000000004,147.8,0.0,16602.84765625
0.0,0.30000000000000004,147.8,0.0,16625.01953125
0.0,0.30000000000000004,147.8,0.0,16647.265625
0.0,0.30000000000000004,147.8,0.0,16669.57421875
0.0,0.30000000000000004,147.8,0.0,16691.640625
0.0,0.30000000000000004,147.8,0.0,16713.44140625
0.0,0.30000000000000004,147.8,0.0,16735.083984375
0.0,0.30000000000000004,147.8,0.0,16756.615234375
0.0,0.30000000000000004,147.8,0.0,16778.099609375
0.0,0.30000000000000004,147.8,0.0,16799.58203125
0.0,0.30000000000000004,147.8,0.0,16821.076171875
0.0,0.30000000000000004,147.8,0.0,16842.599609375
0.0,0.30000000000000004,147.8,0.0,16864.1640625
0.0,0.30000000000000004,147.8,0.0,16885.80078125
0.0,0.30000000000000004,147.8,0.0,16907.541015625
0.0,0.30000000000000004,147.8,0.0,16929.33984375
0.0,0.30000000000000004,147.8,0.0,16951.216796875
0.0,0.30000000000000004,147.8,0.0,16973.203125
0.0,0.30000000000000004,147.70000000000002,0.0,16995.310546875
0.0,0.30000000000000004,147.70000000000002,0.0,17017.533203125
0.0,0.30000000000000004,147.70000000000002,0.0,17039.84765625
0.0,0.30000000000000004,147.70000000000002,0.0,17062.279296875
0.0,0.30000000000000004,147.70000000000002,0.0,17084.8203125
0.0,0.30000000000000004,147.70000000000002,0.0,17107.478515625
0.0,0.30000000000000004,147.70000000000002,0.0,17130.255859375
0.0,0.30000000000000004,147.70000000000002,0.0,17153.119140625
0.0,0.30000000000000004,147.70000000000002,0.0,17176.03515625
0.0,0.30000000000000004,147.70000000000002,0.0,17198.9765625
0.0,0.30000000000000004,147.70000000000002,0.0,17221.9765625
0.0,0.30000000000000004,147.70000000000002,0.0,17245.072265625
0.0,0.30000000000000004,147.70000000000002,0.0,17268.22265625
0.0,0.30000000000000004,147.70000000000002,0.0,17291.3984375
0.0,0.30000000000000004,147.70000000000002,0.0,17314.609375
0.0,0.30000000000000004,147.70000000000002,0.0,17337.837890625
0.0,0.30000000000000004,147.70000000000002,0.0,17361.025390625
0.0,0.30000000000000004,147.70000000000002,0.0,17383.982421875
0.0,0.30000000000000004,147.70000000000002,0.0,17406.8125
0.0,0.30000000000000004,147.70000000000002,0.0,17429.58203125
0.0,0.30000000000000004,147.70000000000002,0.0,17452.33203125
0.0,0.30000000000000004,147.70000000000002,0.0,17475.060546875
0.0,0.30000000000000004,147.70000000000002,0.0,17497.787109375
0.0,0.30000000000000004,147.70000000000002,0.0,17520.533203125
0.0,0.30000000000000004,147.70000000000002,0.0,17543.33203125
0.0,0.30000000000000004,147.70000000000002,0.0,17566.181640625
0.0,0.30000000000000004,147.70000000000002,0.0,17589.083984375
0.0,0.30000000000000004,147.70000000000002,0.0,17612.0625
0.0,0.30000000000000004,147.70000000000002,0.0,17635.123046875
0.0,0.30000000000000004,147.70000000000002,0.0,17658.234375
0.0,0.30000000000000004,147.70000000000002,0.0,17681.431640625
0.0,0.30000000000000004,147.70000000000002,0.0,17704.720703125
0.0,0.30000000000000004,147.70000000000002,0.0,17728.046875
0.0,0.30000000000000004,147.70000000000002,0.0,17751.37109375
0.0,0.30000000000000004,147.70000000000002,0.0,17774.642578125
0.0,0.30000000000000004,147.70000000000002,0.0,17797.873046875
0.0,0.30000000000000004,147.70000000000002,0.0,17821.05078125
0.0,0.30000000000000004,147.70000000000002,0.0,17844.166015625
0.0,0.30000000000000004,147.70000000000002,0.0,17867.1796875
0.0,0.30000000000000004,147.70000000000002,0.0,17889.95703125
0.0,0.30000000000000004,147.70000000000002,0.0,17912.51171875
0.0,0.30000000000000004,147.70000000000002,0.0,17934.84765625
0.0,0.30000000000000004,147.70000000000002,0.0,17956.947265625
0.0,0.30000000000000004,147.70000000000002,0.0,17978.87890625
0.0,0.30000000000000004,147.70000000000002,0.0,18000.7890625
0.0,0.30000000000000004,147.8,0.0,18022.724609375
0.0,0.30000000000000004,147.8,0.0,18044.638671875
0.0,0.30000000000000004,147.8,0.0,18066.53125
0.0,0.30000000000000004,147.8,0.0,18088.369140625
0.0,0.30000000000000004,147.8,0.0,18109.984375
0.0,0.30000000000000004,147.8,0.0,18131.373046875
0.0,0.30000000000000004,147.8,0.0,18152.58203125
0.0,0.30000000000000004,147.8,0.0,18173.681640625
0.0,0.30000000000000004,147.8,0.0,18194.650390625
0.0,0.30000000000000004,147.8,0.0,18215.5703125
0.0,0.30000000000000004,147.8,0.0,18236.45703125
0.0,0.30000000000000004,147.8,0.0,18257.298828125
0.0,0.30000000000000004,147.8,0.0,18278.03515625
0.0,0.30000000000000004,147.8,0.0,18298.72265625
0.0,0.30000000000000004,147.8,0.0,18319.29296875
0.0,0.30000000000000004,147.8,0.0,18339.728515625
0.0,0.30000000000000004,147.8,0.0,18359.99609375
0.0,0.30000000000000004,147.8,0.0,18380.119140625
0.0,0.30000000000000004,147.8,0.0,18400.333984375
0.0,0.30000000000000004,147.8,0.0,18420.671875
0.0,0.30000000000000004,147.8,0.0,18440.966796875
0.0,0.30000000000000004,147.8,0.0,18461.21484375
0.0,0.30000000000000004,147.8,0.0,18481.4453125
0.0,0.30000000000000004,147.8,0.0,18501.72265625
0.0,0.30000000000000004,147.8,0.0,18522.080078125
0.0,0.30000000000000004,147.8,0.0,18542.56640625
0.0,0.30000000000000004,147.8,0.0,18563.20703125
0.0,0.30000000000000004,147.8,0.0,18584.0390625
0.0,0.30000000000000004,147.8,0.0,18605.080078125
0.0,0.30000000000000004,147.8,0.0,18626.38671875
0.0,0.30000000000000004,147.8,0.0,18647.9453125
0.0,0.30000000000000004,147.8,0.0,18669.7265625
0.0,0.30000000000000004,147.8,0.0,18691.67578125
0.0,0.30000000000000004,147.8,0.0,18713.69921875
0.0,0.30000000000000004,147.8,0.0,18735.599609375
0.0,0.30000000000000004,147.8,0.0,18757.388671875
0.0,0.30000000000000004,147.8,0.0,18779.10546875
0.0,0.30000000000000004,147.8,0.0,18800.798828125
0.0,0.30000000000000004,147.8,0.0,18822.474609375
0.0,0.30000000000000004,147.8,0.0,18844.056640625
0.0,0.30000000000000004,147.8,0.0,18865.556640625
0.0,0.30000000000000004,147.8,0.0,18887.025390625
0.0,0.30000000000000004,147.8,0.0,18908.486328125
0.0,0.30000000000000004,147.8,0.0,18929.96875
0.0,0.30000000000000004,147.8,0.0,18951.486328125
0.0,0.30000000000000004,147.8,0.0,18973.056640625
0.0,0.30000000000000004,147.8,0.0,18994.67578125
0.0,0.30000000000000004,147.8,0.0,19016.30859375
0.0,0.30000000000000004,147.8,0.0,19037.927734375
0.0,0.30000000000000004,147.8,0.0,19059.310546875
0.0,0.30000000000000004,147.8,0.0,19080.435546875
0.0,0.30000000000000004,147.8,0.0,19101.3515625
0.0,0.30000000000000004,147.8,0.0,19122.24609375
0.0,0.30000000000000004,147.8,0.0,19143.1484375
0.0,0.30000000000000004,147.8,0.0,19164.0390625
0.0,0.30000000000000004,147.8,0.0,19184.935546875
0.0,0.30000000000000004,147.8,0.0,19205.86328125
0.0,0.30000000000000004,147.8,0.0,19226.828125
0.0,0.30000000000000004,147.8,0.0,19247.8203125
0.0,0.30000000000000004,147.8,0.0,19268.89453125
0.0,0.30000000000000004,147.8,0.0,19290.072265625
0.0,0.30000000000000004,147.8,0.0,19311.376953125
0.0,0.30000000000000004,147.8,0.0,19332.791015625
0.0,0.30000000000000004,147.8,0.0,19354.353515625
0.0,0.30000000000000004,147.70000000000002,0.0,19376.056640625
0.0,0.30000000000000004,147.70000000000002,0.0,19397.927734375
0.0,0.30000000000000004,147.70000000000002,0.0,19419.947265625
0.0,0.30000000000000004,147.70000000000002,0.0,19442.103515625
0.0,0.30000000000000004,147.70000000000002,0.0,19464.3984375
0.0,0.30000000000000004,147.70000000000002,0.0,19486.8203125
0.0,0.30000000000000004,147.70000000000002,0.0,19509.345703125
0.0,0.30000000000000004,147.70000000000002,0.0,19531.970703125
0.0,0.30000000000000004,147.70000000000002,0.0,19554.638671875
0.0,0.30000000000000004,147.70000000000002,0.0,19577.294921875
0.0,0.30000000000000004,147.70000000000002,0.0,19599.9296875
0.0,0.30000000000000004,147.70000000000002,0.0,19622.478515625
0.0,0.30000000000000004,147.70000000000002,0.0,19644.9140625
0.0,0.30000000000000004,147.70000000000002,0.0,19667.30078125
0.0,0.30000000000000004,147.70000000000002,0.0,19689.681640625
0.0,0.30000000000000004,147.70000000000002,0.0,19712.08984375
0.0,0.30000000000000004,147.70000000000002,0.0,19734.486328125
0.0,0.30000000000000004,147.70000000000002,0.0,19756.87890625
0.0,0.30000000000000004,147.70000000000002,0.0,19779.29296875
0.0,0.30000000000000004,147.70000000000002,0.0,19801.751953125
0.0,0.30000000000000004,147.70000000000002,0.0,19824.255859375
0.0,0.30000000000000004,147.70000000000002,0.0,19846.77734375
0.0,0.30000000000000004,147.70000000000002,0.0,19869.3515625
0.0,0.30000000000000004,147.70000000000002,0.0,19891.95703125
0.0,0.30000000000000004,147.70000000000002,0.0,19914.5625
0.0,0.30000000000000004,147.70000000000002,0.0,19937.1796875
0.0,0.30000000000000004,147.70000000000002,0.0,19959.7109375
0.0,0.30000000000000004,147.70000000000002,0.0,19982.109375
0.0,0.30000000000000004,147.70000000000002,0.0,20004.419921875
0.0,0.30000000000000004,147.70000000000002,0.0,20026.6328125
0.0,0.30000000000000004,147.70000000000002,0.0,20048.921875
0.0,0.30000000000000004,147.70000000000002,0.0,20071.21875
0.0,0.30000000000000004,147.70000000000002,0.0,20093.4609375
0.0,0.30000000000000004,147.70000000000002,0.0,20115.65234375
0.0,0.30000000000000004,147.70000000000002,0.0,20137.783203125
0.0,0.30000000000000004,147.70000000000002,0.0,20159.853515625
0.0,0.30000000000000004,147.70000000000002,0.0,20181.853515625
0.0,0.30000000000000004,147.70000000000002,0.0,20203.796875
0.0,0.30000000000000004,147.70000000000002,0.0,20225.697265625
0.0,0.30000000000000004,147.70000000000002,0.0,20247.5859375
0.0,0.30000000000000004,147.70000000000002,0.0,20269.494140625
0.0,0.30000000000000004,147.70000000000002,0.0,20291.392578125
0.0,0.30000000000000004,147.70000000000002,0.0,20313.287109375
0.0,0.30000000000000004,147.70000000000002,0.0,20335.177734375
0.0,0.30000000000000004,147.70000000000002,0.0,20357.076171875
0.0,0.30000000000000004,147.8,0.0,20378.99609375
0.0,0.30000000000000004,147.8,0.0,20400.9140625
0.0,0.30000000000000004,147.8,0.0,20422.849609375
0.0,0.30000000000000004,147.8,0.0,20444.818359375
0.0,0.30000000000000004,147.8,0.0,20466.818359375
0.0,0.30000000000000004,147.8,0.0,20488.83203125
0.0,0.30000000000000004,147.8,0.0,20510.791015625
0.0,0.30000000000000004,147.8,0.0,20532.71484375
0.0,0.30000000000000004,147.8,0.0,20554.662109375
0.0,0.30000000000000004,147.8,0.0,20576.61328125
0.0,0.30000000000000004,147.8,0.0,20598.5546875
0.0,0.30000000000000004,147.8,0.0,20620.5
0.0,0.30000000000000004,147.8,0.0,20642.43359375
0.0,0.30000000000000004,147.8,0.0,20664.3515625
0.0,0.30000000000000004,147.8,0.0,20686.26953125
0.0,0.30000000000000004,147.8,0.0,20708.197265625
0.0,0.30000000000000004,147.8,0.0,20729.99609375
0.0,0.30000000000000004,147.8,0.0,20751.552734375
0.0,0.30000000000000004,147.8,0.0,20772.8828125
0.0,0.30000000000000004,147.8,0.0,20794.072265625
0.0,0.30000000000000004,147.8,0.0,20815.240234375
0.0,0.30000000000000004,147.8,0.0,20836.421875
0.0,0.30000000000000004,147.8,0.0,20857.625
0.0,0.30000000000000004,147.8,0.0,20878.865234375
0.0,0.30000000000000004,147.8,0.0,20900.150390625
0.0,0.30000000000000004,147.8,0.0,20921.462890625
0.0,0.30000000000000004,147.8,0.0,20942.8203125
0.0,0.30000000000000004,147.8,0.0,20964.224609375
0.0,0.30000000000000004,147.8,0.0,20985.6640625
0.0,0.30000000000000004,147.8,0.0,21007.138671875
0.0,0.30000000000000004,147.8,0.0,21028.68359375
0.0,0.30000000000000004,147.8,0.0,21050.3359375
0.0,0.30000000000000004,147.8,0.0,21072.1015625
0.0,0.30000000000000004,147.8,0.0,21093.986328125
0.0,0.30000000000000004,147.8,0.0,21116.009765625
0.0,0.30000000000000004,147.8,0.0,21138.12109375
0.0,0.30000000000000004,147.8,0.0,21160.30859375
0.0,0.30000000000000004,147.8,0.0,21182.603515625
0.0,0.30000000000000004,147.8,0.0,21204.96484375
0.0,0.30000000000000004,147.8,0.0,21227.380859375
0.0,0.30000000000000004,147.8,0.0,21249.8828125
0.0,0.30000000000000004,147.8,0.0,21272.4765625
0.0,0.30000000000000004,147.8,0.0,21295.158203125
0.0,0.30000000000000004,147.8,0.0,21317.904296875
0.0,0.30000000000000004,147.8,0.0,21340.681640625
0.0,0.30000000000000004,147.8,0.0,21363.427734375
0.0,0.30000000000000004,147.8,0.0,21386.08203125
0.0,0.30000000000000004,147.8,0.0,21408.62890625
0.0,0.30000000000000004,147.8,0.0,21431.001953125
0.0,0.30000000000000004,147.8,0.0,21453.275390625
0.0,0.30000000000000004,147.8,0.0,21475.5
0.0,0.30000000000000004,147.8,0.0,21497.732421875
0.0,0.30000000000000004,147.8,0.0,21519.98828125
0.0,0.30000000000000004,147.8,0.0,21542.263671875
0.0,0.30000000000000004,147.8,0.0,21564.552734375
0.0,0.30000000000000004,147.8,0.0,21586.8359375
0.0,0.30000000000000004,147.8,0.0,21609.126953125
0.0,0.30000000000000004,147.8,0.0,21631.412109375
0.0,0.30000000000000004,147.8,0.0,21653.677734375
0.0,0.30000000000000004,147.8,0.0,21675.90234375
0.0,0.30000000000000004,147.8,0.0,21698.080078125
0.0,0.30000000000000004,147.8,0.0,21720.203125
0.0,0.30000000000000004,147.8,0.0,21742.251953125
0.0,0.30000000000000004,147.8,0.0,21764.232421875
0.0,0.30000000000000004,147.8,0.0,21786.12109375
0.0,0.30000000000000004,147.8,0.0,21807.943359375
0.0,0.30000000000000004,147.8,0.0,21829.69140625
0.0,0.30000000000000004,147.8,0.0,21851.37109375
0.0,0.30000000000000004,147.8,0.0,21873.005859375
0.0,0.30000000000000004,147.8,0.0,21894.599609375
0.0,0.30000000000000004,147.8,0.0,21916.17578125
0.0,0.30000000000000004,147.8,0.0,21937.736328125
0.0,0.30000000000000004,147.8,0.0,21959.259765625
0.0,0.30000000000000004,147.8,0.0,21980.75390625
0.0,0.30000000000000004,147.8,0.0,22002.240234375
0.0,0.30000000000000004,147.8,0.0,22023.75390625
0.0,0.30000000000000004,147.8,0.0,22045.291015625
0.0,0.30000000000000004,147.8,0.0,22066.86328125
0.0,0.30000000000000004,147.8,0.0,22088.431640625
0.0,0.30000000000000004,147.8,0.0,22109.994140625
0.0,0.30000000000000004,147.8,0.0,22131.541015625
0.0,0.30000000000000004,147.8,0.0,22153.083984375
0.0,0.30000000000000004,147.8,0.0,22174.65234375
0.0,0.30000000000000004,147.8,0.0,22196.2421875
0.0,0.30000000000000004,147.8,0.0,22217.8515625
0.0,0.30000000000000004,147.8,0.0,22239.494140625
0.0,0.30000000000000004,147.8,0.0,22261.166015625
0.0,0.30000000000000004,147.8,0.0,22282.86328125
0.0,0.30000000000000004,147.8,0.0,22304.61328125
0.0,0.30000000000000004,147.8,0.0,22326.427734375
0.0,0.30000000000000004,147.8,0.0,22348.2890625
0.0,0.30000000000000004,147.8,0.0,22370.203125
0.0,0.30000000000000004,147.8,0.0,22392.1796875
0.0,0.30000000000000004,147.8,0.0,22414.212890625
0.0,0.30000000000000004,147.8,0.0,22436.294921875
0.0,0.30000000000000004,147.8,0.0,22458.380859375
0.0,0.30000000000000004,147.8,0.0,22480.4921875
0.0,0.30000000000000004,147.8,0.0,22502.625
0.0,0.30000000000000004,147.8,0.0,22524.740234375
0.0,0.30000000000000004,147.8,0.0,22546.787109375
0.0,0.30000000000000004,147.8,0.0,22568.79296875
0.0,0.30000000000000004,147.8,0.0,22590.79296875
0.0,0.30000000000000004,147.8,0.0,22612.80859375
0.0,0.30000000000000004,147.8,0.0,22634.8203125
0.0,0.30000000000000004,147.8,0.0,22656.7890625
0.0,0.30000000000000004,147.8,0.0,22678.70703125
0.0,0.30000000000000004,147.8,0.0,22700.6015625
0.0,0.30000000000000004,147.8,0.0,22722.484375
0.0,0.30000000000000004,147.8,0.0,22744.3515625
0.0,0.30000000000000004,147.8,0.0,22766.1640625
0.0,0.30000000000000004,147.8,0.0,22787.912109375
0.0,0.30000000000000004,147.8,0.0,22809.62109375
0.0,0.30000000000000004,147.8,0.0,22831.30078125
0.0,0.30000000000000004,147.8,0.0,22852.92578125
0.0,0.30000000000000004,147.8,0.0,22874.501953125
0.0,0.30000000000000004,147.8,0.0,22896.021484375
0.0,0.30000000000000004,147.8,0.0,22917.478515625
0.0,0.30000000000000004,147.8,0.0,22938.912109375
0.0,0.30000000000000004,147.8,0.0,22960.3125
0.0,0.30000000000000004,147.8,0.0,22981.775390625
0.0,0.30000000000000004,147.8,0.0,23003.216796875
0.0,0.30000000000000004,147.8,0.0,23024.595703125
0.0,0.30000000000000004,147.8,0.0,23045.921875
0.0,0.30000000000000004,147.8,0.0,23067.1484375
0.0,0.30000000000000004,147.8,0.0,23088.1875
0.0,0.30000000000000004,147.8,0.0,23109.13671875
0.0,0.30000000000000004,147.8,0.0,23130.048828125
0.0,0.30000000000000004,147.8,0.0,23150.953125
0.0,0.30000000000000004,147.8,0.0,23171.802734375
0.0,0.30000000000000004,147.8,0.0,23192.61328125
0.0,0.30000000000000004,147.8,0.0,23213.37890625
0.0,0.30000000000000004,147.8,0.0,23234.109375
0.0,0.30000000000000004,147.8,0.0,23254.802734375
0.0,0.30000000000000004,147.8,0.0,23275.455078125
0.0,0.30000000000000004,147.8,0.0,23296.044921875
-0.18888114392757416,0.30000000000000004,147.8,0.0,23316.5703125
-0.11917947977781296,0.30000000000000004,147.8,0.0,23337.04296875
-0.001126527669839561,0.30000000000000004,147.8,0.0,23357.48828125
0.0,0.30000000000000004,147.8,0.0,23377.908203125
0.0,0.30000000000000004,147.8,0.0,23398.27734375
0.0,0.30000000000000004,147.8,0.0,23418.638671875
0.0,0.30000000000000004,147.8,0.0,23439.05859375
0.0,0.30000000000000004,147.8,0.0,23459.52734375
0.0,0.30000000000000004,147.8,0.0,23480.046875
0.0,0.30000000000000004,147.8,0.0,23500.609375
0.0,0.30000000000000004,147.8,0.0,23521.220703125
0.0,0.30000000000000004,147.8,0.0,23541.841796875
0.0,0.30000000000000004,147.8,0.0,23562.458984375
0.0,0.30000000000000004,147.8,0.0,23583.08203125
0.0,0.30000000000000004,147.8,0.0,23603.708984375
0.0,0.30000000000000004,147.8,0.0,23624.373046875
0.0,0.30000000000000004,147.8,0.0,23645.08984375
0.0,0.30000000000000004,147.8,0.0,23665.87109375
0.0,0.30000000000000004,147.8,0.0,23686.71875
0.0,0.30000000000000004,147.8,0.0,23707.6171875
0.0,0.30000000000000004,147.8,0.0,23728.576171875
0.0,0.30000000000000004,147.8,0.0,23749.599609375
0.0,0.30000000000000004,147.8,0.0,23770.67578125
0.0,0.30000000000000004,147.8,0.0,23791.79296875
0.0,0.30000000000000004,147.8,0.0,23812.9375
0.0,0.30000000000000004,147.8,0.0,23834.09765625
0.0,0.30000000000000004,147.8,0.0,23855.220703125
0.0,0.30000000000000004,147.8,0.0,23876.34765625
0.0,0.30000000000000004,147.8,0.0,23897.470703125
0.0,0.30000000000000004,147.8,0.0,23918.609375
0.0,0.30000000000000004,147.8,0.0,23939.73046875
0.0,0.30000000000000004,147.8,0.1255849152803421,23960.853515625
0.0,0.30000000000000004,147.8,0.1864804744720459,23982.01171875
0.0,0.30000000000000004,147.8,0.21389043778181077,24003.203125
0.0,0.30000000000000004,147.8,0.22624577879905702,24024.419921875
0.0,0.30000000000000004,147.8,0.2423114597797394,24045.66796875
0.0,0.30000000000000004,147.8,0.25677240192890166,24066.94140625
0.0,0.30000000000000004,147.8,0.2629686266183853,24088.2265625
0.0,0.30000000000000004,147.8,0.2664006739854813,24109.548828125
0.0,0.30000000000000004,147.8,0.2915844440460205,24130.916015625
0.0,0.30000000000000004,147.8,0.3079190969467163,24152.19921875
0.0,0.30000000000000004,147.8,0.3153304696083069,24173.228515625
0.0,0.30000000000000004,147.8,0.38460205793380736,24194.021484375
0.0,0.30000000000000004,147.8,0.4255082935094833,24214.572265625
0.0,0.30000000000000004,147.8,0.44572024047374725,24234.896484375
0.0,0.30000000000000004,147.8,0.4817659378051758,24254.986328125
0.0,0.30000000000000004,147.8,0.49789658188819885,24274.8828125
0.0,0.30000000000000004,147.8,0.5277831494808197,24294.751953125
0.0,0.30000000000000004,147.8,0.5444331765174866,24314.458984375
0.0,0.30000000000000004,147.8,0.571444308757782,24333.970703125
0.0,0.30000000000000004,147.8,0.5954129576683045,24353.35546875
0.0,0.30000000000000004,147.8,0.6194186747074127,24372.736328125
0.0,0.30000000000000004,147.8,0.6344454288482666,24392.1484375
0.0,0.30000000000000004,147.8,0.6250212728977204,24411.736328125
0.0,0.30000000000000004,147.8,0.6166080951690674,24431.669921875
0.0,0.30000000000000004,147.8,0.7073253393173218,24451.853515625
0.0,0.30000000000000004,147.8,0.7505505323410034,24472.291015625
0.0,0.30000000000000004,147.8,0.7756415247917176,24493.044921875
0.0,0.30000000000000004,147.8,0.7842030823230743,24514.126953125
0.0,0.30000000000000004,147.8,0.7877464413642884,24535.78515625
0.0,0.30000000000000004,147.8,0.8102773189544678,24557.666015625
0.0,0.30000000000000004,147.8,0.8251000642776489,24579.68359375
0.0,0.30000000000000004,147.8,0.8341532170772553,24601.880859375
0.0,0.30000000000000004,147.8,0.8029030680656434,24624.2109375
0.0,0.30000000000000004,147.8,0.8188574373722076,24646.451171875
0.0,0.30000000000000004,147.8,0.8500611841678619,24668.466796875
0.0,0.30000000000000004,147.8,0.8659320831298828,24690.396484375
0.0,0.30000000000000004,147.8,0.8623238146305084,24712.26953125
0.0,0.30000000000000004,147.8,0.7757342755794525,24734.138671875
0.0,0.30000000000000004,147.8,0.746923702955246,24756.021484375
0.0,0.30000000000000004,147.8,0.7565426945686341,24777.935546875
0.0,0.30000000000000004,147.8,0.7286689102649689,24799.92578125
0.0,0.30000000000000004,147.8,0.6695821523666382,24822.009765625
0.0,0.30000000000000004,147.8,0.6398532450199127,24844.1953125
0.0,0.30000000000000004,147.8,0.6225353479385376,24866.5078125
0.0,0.30000000000000004,147.8,0.6478304028511047,24888.974609375
0.0,0.30000000000000004,147.8,0.6847294986248017,24911.59375
0.0,0.30000000000000004,147.8,0.7098390519618988,24934.271484375
0.0,0.30000000000000004,147.8,0.7258119821548462,24956.73046875
0.0,0.30000000000000004,147.8,0.6947288274765014,24978.89453125
0.0,0.30000000000000004,147.8,0.6632560551166534,25000.767578125
0.0,0.30000000000000004,147.8,0.6420330226421357,25022.373046875
0.0,0.30000000000000004,147.8,0.6120073020458222,25043.849609375
0.0,0.30000000000000004,147.8,0.5984553873538971,25065.09375
0.0,0.30000000000000004,147.8,0.5469283819198608,25086.091796875
0.0,0.30000000000000004,147.8,0.5116061568260193,25106.939453125
0.0,0.30000000000000004,147.8,0.49573531150817873,25127.70703125
0.0,0.30000000000000004,147.8,0.4568140983581543,25148.462890625
0.0,0.30000000000000004,147.8,0.4023002654314041,25169.25
0.0,0.30000000000000004,147.8,0.3776730537414551,25190.140625
0.0,0.30000000000000004,147.8,0.3667368829250336,25211.181640625
0.0,0.30000000000000004,147.8,0.3618856519460678,25232.384765625
0.0,0.30000000000000004,147.8,0.3367111623287201,25253.76171875
0.0,0.30000000000000004,147.8,0.3015280902385712,25275.3046875
0.0,0.30000000000000004,147.8,0.2857314348220825,25297.0078125
0.0,0.30000000000000004,147.8,0.27865399718284606,25318.919921875
0.0,0.30000000000000004,147.8,0.2750549823045731,25341.029296875
0.0,0.30000000000000004,147.8,0.27143743336200715,25363.302734375
0.0,0.30000000000000004,147.8,0.27009243965148927,25385.755859375
0.0,0.30000000000000004,147.8,0.27009243965148927,25408.41015625
0.0,0.30000000000000004,147.8,0.27009243965148927,25431.255859375
0.0,0.30000000000000004,147.8,0.27009243965148927,25454.265625
0.0,0.30000000000000004,147.8,0.27009243965148927,25477.400390625
0.0,0.30000000000000004,147.8,0.27009243965148927,25500.45703125
0.0,0.30000000000000004,147.8,0.27009243965148927,25523.32421875
0.0,0.30000000000000004,147.8,0.27009243965148927,25545.984375
0.0,0.30000000000000004,147.8,0.27009243965148927,25568.41796875
0.0,0.30000000000000004,147.8,0.27009243965148927,25590.65234375
0.0,0.30000000000000004,147.8,0.27009243965148927,25612.826171875
0.0,0.30000000000000004,147.8,0.04549774825572968,25635.03515625
0.0,0.30000000000000004,147.8,0.15429349690675737,25657.318359375
0.0,0.30000000000000004,147.8,0.24430576264858248,25679.7109375
0.0,0.30000000000000004,147.8,0.31668477058410643,25702.193359375
0.0,0.30000000000000004,147.8,0.3613291472196579,25724.75
0.0,0.30000000000000004,147.8,0.414089834690094,25747.353515625
0.0,0.30000000000000004,147.8,0.4738908648490906,25769.79296875
0.0,0.30000000000000004,147.8,0.5047792375087738,25791.98046875
0.0,0.30000000000000004,147.8,0.5585417032241822,25813.96875
0.0,0.30000000000000004,147.8,0.583419406414032,25835.7578125
0.0,0.30000000000000004,147.8,0.6004589974880219,25857.35546875
0.0,0.30000000000000004,147.8,0.6083063364028931,25878.796875
0.0,0.30000000000000004,147.8,0.6467452347278595,25900.064453125
0.0,0.30000000000000004,147.8,0.6645825684070588,25921.16796875
0.0,0.30000000000000004,147.8,0.6516706824302674,25942.158203125
0.0,0.30000000000000004,147.8,0.6438511848449707,25963.048828125
0.0,0.30000000000000004,147.8,0.5984368801116944,25983.865234375
0.0,0.30000000000000004,147.8,0.5633372783660889,26004.609375
0.0,0.30000000000000004,147.8,0.5492937684059144,26025.294921875
0.0,0.30000000000000004,147.8,0.5443311989307403,26045.96875
0.0,0.30000000000000004,147.8,0.5830205082893372,26066.669921875
0.0,0.30000000000000004,147.8,0.6389906466007232,26087.228515625
0.0,0.30000000000000004,147.8,0.6551120102405549,26107.87109375
0.0,0.30000000000000004,147.8,0.6560395717620849,26128.66796875
0.0,0.30000000000000004,147.8,0.7392248511314392,26149.447265625
0.0,0.30000000000000004,147.8,0.7880248010158539,26170.306640625
0.0,0.30000000000000004,147.8,0.8106577098369598,26191.189453125
0.0,0.30000000000000004,147.8,0.7838321328163147,26212.0078125
0.0,0.30000000000000004,147.8,0.7589266419410706,26232.79296875
0.0,0.30000000000000004,147.8,0.7767639756202698,26253.5546875
0.0,0.30000000000000004,147.8,0.7860954344272614,26274.298828125
0.0,0.30000000000000004,147.8,0.7917351007461548,26295.001953125
0.0,0.30000000000000004,147.8,0.7885535180568696,26315.642578125
0.0,0.30000000000000004,147.8,0.786920964717865,26336.173828125
0.0,0.30000000000000004,147.8,0.80726278424263,26356.580078125
0.0,0.30000000000000004,147.8,0.8232913434505463,26376.88671875
0.0,0.30000000000000004,147.8,0.8359898865222931,26397.1015625
0.0,0.30000000000000004,147.8,0.77750603556633,26417.22265625
0.0,0.30000000000000004,147.8,0.7633882820606231,26437.2734375
0.0,0.30000000000000004,147.8,0.7893048584461212,26457.453125
0.0,0.30000000000000004,147.8,0.8211022317409515,26477.498046875
0.0,0.30000000000000004,147.8,0.8483545482158661,26497.373046875
0.0,0.30000000000000004,147.8,0.8712749898433686,26517.095703125
0.0,0.30000000000000004,147.8,0.9238223075866699,26536.68359375
0.0,0.30000000000000004,147.8,0.9746443748474122,26556.203125
0.0,0.30000000000000004,147.8,0.9839387655258179,26575.712890625
0.0,0.30000000000000004,147.8,0.9260671019554139,26595.333984375
0.0,0.30000000000000004,147.8,0.9177281141281128,26614.994140625
0.0,0.30000000000000004,147.8,1.0561971545219422,26634.654296875
0.0,0.30000000000000004,147.8,1.0627086997032167,26654.388671875
0.0,0.30000000000000004,147.8,1.0802399396896363,26674.017578125
0.0,0.30000000000000004,147.8,1.1800103902816772,26693.5390625
0.0,0.30000000000000004,147.8,1.064072334766388,26713.01953125
0.0,0.30000000000000004,147.8,1.0133800864219666,26732.5
0.0,0.30000000000000004,147.8,0.9809890866279602,26751.998046875
0.0,0.30000000000000004,147.8,0.9586251497268677,26771.552734375
0.0,0.30000000000000004,147.8,0.9527905941009521,26791.20703125
0.0,0.30000000000000004,147.8,0.9442939996719361,26810.96484375
0.0,0.30000000000000004,147.8,0.941873037815094,26830.82421875
0.0,0.30000000000000004,147.8,0.9492844104766845,26850.818359375
0.0,0.30000000000000004,147.8,0.9729561924934388,26870.916015625
0.0,0.30000000000000004,147.8,0.9349346995353699,26891.08203125
0.0,0.30000000000000004,147.8,0.854374498128891,26911.34375
0.0,0.30000000000000004,147.8,0.8475104570388794,26931.6875
0.0,0.30000000000000004,147.8,0.8766549646854401,26952.099609375
0.0,0.30000000000000004,147.8,0.9146949648857117,26972.58203125
0.0,0.30000000000000004,147.8,0.8695404589176178,26993.12109375
0.0,0.30000000000000004,147.8,0.8758665025234222,27013.703125
0.0,0.30000000000000004,147.8,0.9014305830001831,27034.3203125
0.0,0.30000000000000004,147.8,0.8361383199691773,27054.966796875
0.0,0.30000000000000004,147.8,0.7657536149024964,27075.6640625
0.0,0.30000000000000004,147.8,0.6942094445228577,27096.400390625
0.0,0.30000000000000004,147.8,0.6426824390888214,27117.173828125
0.0,0.30000000000000004,147.8,0.6027501404285431,27138.037109375
0.0,0.30000000000000004,147.8,0.5521321356296539,27158.94921875
0.0,0.30000000000000004,147.8,0.5293322324752808,27179.875
0.0,0.30000000000000004,147.8,0.5114299893379212,27200.802734375
0.0,0.30000000000000004,147.8,0.4933978199958801,27221.72265625
0.0,0.30000000000000004,147.8,0.4850960075855255,27242.615234375
0.0,0.30000000000000004,147.8,0.47287049889564514,27263.478515625
0.0,0.30000000000000004,147.8,0.4639008164405823,27284.314453125
0.0,0.30000000000000004,147.8,0.5029519021511079,27305.138671875
0.0,0.30000000000000004,147.8,0.5686059415340424,27325.95703125
0.0,0.30000000000000004,147.8,0.6066923439502716,27346.7734375
0.0,0.30000000000000004,147.8,0.6351504743099213,27367.55859375
0.0,0.30000000000000004,147.8,0.6610392093658447,27388.33203125
0.0,0.30000000000000004,147.8,0.6839318633079529,27409.0625
0.0,0.30000000000000004,147.8,0.7338819980621338,27429.76171875
0.0,0.30000000000000004,147.8,0.7676922619342804,27450.46484375
0.0,0.30000000000000004,147.8,0.7950372755527496,27471.189453125
0.0,0.30000000000000004,147.8,0.7954825222492218,27491.923828125
0.0,0.30000000000000004,147.8,0.7954825222492218,27512.666015625
0.0,0.30000000000000004,147.8,0.7457271695137024,27533.43359375
0.0,0.30000000000000004,147.8,0.7239105105400085,27554.224609375
0.0,0.30000000000000004,147.8,0.7690001606941224,27575.01953125
0.0,0.30000000000000004,147.8,0.7893512070178986,27595.8359375
0.0,0.30000000000000004,147.8,0.669276112318039,27616.7109375
0.0,0.30000000000000004,147.8,0.5631424963474274,27637.595703125
0.0,0.30000000000000004,147.8,0.5227464437484741,27658.291015625
0.0,0.30000000000000004,147.8,0.5158916294574738,27678.75390625
0.0,0.30000000000000004,147.8,0.5271153330802918,27699.11328125
0.0,0.30000000000000004,147.8,0.5932517409324646,27719.501953125
0.0,0.30000000000000004,147.8,0.6229992091655732,27739.9453125
0.0,0.30000000000000004,147.8,0.574505352973938,27760.435546875
0.0,0.30000000000000004,147.8,0.5269112706184388,27780.978515625
0.0,0.30000000000000004,147.8,0.5055862069129944,27801.587890625
0.0,0.30000000000000004,147.8,0.5171809673309327,27822.2265625
0.0,0.30000000000000004,147.8,0.5228577554225922,27842.865234375
0.0,0.30000000000000004,147.8,0.5756926596164703,27863.505859375
0.0,0.30000000000000004,147.8,0.6064790010452271,27884.169921875
0.0,0.30000000000000004,147.8,0.5982142567634583,27904.896484375
0.0,0.30000000000000004,147.8,0.5131645739078522,27925.7421875
0.0,0.30000000000000004,147.8,0.591285252571106,27946.69140625
0.0,0.30000000000000004,147.8,0.6808894336223602,27967.73046875
0.0,0.30000000000000004,147.8,0.698717486858368,27988.9375
0.0,0.30000000000000004,147.8,0.6333416998386383,28010.34765625
0.0,0.30000000000000004,147.8,0.8471579611301422,28031.873046875
0.0,0.30000000000000004,147.8,0.9080627202987671,28053.427734375
0.0,0.30000000000000004,147.8,0.9484495997428894,28075.00390625
0.0,0.30000000000000004,147.8,1.0993574380874633,28096.666015625
0.0,0.30000000000000004,147.8,0.9750247120857239,28118.337890625
0.0,0.30000000000000004,147.8,0.9654984712600708,28139.986328125
0.0,0.30000000000000004,147.8,0.9897083044052124,28161.666015625
0.0,0.30000000000000004,147.8,0.982556676864624,28183.384765625
0.0,0.30000000000000004,147.8,0.966314721107483,28205.09375
0.0,0.30000000000000004,147.8,0.9457224369049072,28226.611328125
0.0,0.30000000000000004,147.8,0.9174683690071106,28247.90234375
0.0,0.30000000000000004,147.8,0.857806545495987,28268.966796875
0.0,0.30000000000000004,147.8,0.8042667031288148,28289.818359375
0.0,0.30000000000000004,147.8,0.7256822168827057,28310.44921875
0.0,0.30000000000000004,147.8,0.6266631603240967,28330.85546875
0.0,0.30000000000000004,147.8,0.580265611410141,28351.04296875
0.0,0.30000000000000004,147.8,0.546965503692627,28370.841796875
0.0,0.30000000000000004,147.8,0.5318831205368042,28390.033203125
0.0,0.30000000000000004,147.8,0.5252138078212738,28408.642578125
0.0,0.30000000000000004,147.8,0.47684054374694823,28426.892578125
0.0,0.30000000000000004,147.8,0.4446535795927048,28444.67578125
0.0,0.30000000000000004,147.8,0.44241811931133274,28461.83203125
0.0,0.30000000000000004,147.8,0.4689839780330658,28478.34765625
0.0,0.30000000000000004,147.8,0.4808105885982514,28494.171875
0.0,0.30000000000000004,147.8,0.5533194422721863,28509.3203125
0.0,0.30000000000000004,147.8,0.5882891714572906,28523.81640625
0.0,0.30000000000000004,147.8,0.6065439105033875,28537.67578125
0.0,0.30000000000000004,147.8,0.6181386709213257,28550.86328125
0.0,0.30000000000000004,147.8,0.6538968622684479,28563.158203125
0.0,0.30000000000000004,147.8,0.6699068605899811,28574.498046875
0.0,0.30000000000000004,147.8,0.6033901691436768,28584.388671875
0.0,0.30000000000000004,147.8,0.7911971032619477,28592.6328125
0.0,0.30000000000000004,147.8,0.9801727294921875,28599.310546875
0.0,0.30000000000000004,147.8,1.0653616189956665,28604.748046875
0.0,0.30000000000000004,147.8,0.7475081562995911,28609.12890625
0.0,0.30000000000000004,147.8,0.6534237742424012,28612.384765625
0.0,0.30000000000000004,147.8,0.7450500726699829,28614.96484375
0.0,0.30000000000000004,147.8,0.7862623751163483,28617.373046875
0.0,0.30000000000000004,147.8,0.8047861397266388,28619.693359375
0.0,0.30000000000000004,147.8,0.813301295042038,28621.912109375
0.0,0.30000000000000004,147.8,0.8169281780719757,28623.88671875
0.0,0.30000000000000004,147.8,0.5633558392524719,28625.529296875
0.0,0.30000000000000004,147.8,0.38748688101768497,28626.796875
0.0,0.30000000000000004,147.8,0.30822524428367615,28627.76171875
0.0,0.30000000000000004,147.8,0.27235576808452605,28628.3671875
0.0,0.30000000000000004,147.8,0.25628080666065217,28628.611328125
0.0,0.30000000000000004,147.8,0.24889727532863617,28628.611328125
0.0,0.30000000000000004,147.8,0.2453446626663208,28628.611328125
0.0,0.30000000000000004,147.8,0.23871247172355653,28628.611328125
0.0,0.30000000000000004,147.8,0.19178624600172042,28628.611328125
0.0,0.30000000000000004,147.8,0.17068381905555727,28628.611328125
0.0,0.30000000000000004,147.8,0.1611390307545662,28628.611328125
0.0,0.30000000000000004,147.8,0.15695565640926362,28628.611328125
0.0,0.30000000000000004,147.8,0.15539731979370117,28628.611328125
0.0,0.30000000000000004,147.8,0.15539731979370117,28628.611328125
0.0,0.30000000000000004,147.8,0.15539731979370117,28628.611328125
0.0,0.30000000000000004,147.8,0.15539731979370117,28628.611328125
0.0,0.30000000000000004,147.8,0.012039975263178349,28628.611328125
0.0,0.30000000000000004,147.8,0.12617856860160828,28628.611328125
0.0,0.30000000000000004,147.8,0.17762209028005602,28628.611328125
0.0,0.30000000000000004,147.8,0.20081157088279725,28628.611328125
0.0,0.30000000000000004,147.8,0.22550371885299683,28628.611328125
0.0,0.30000000000000004,147.8,0.26696651279926303,28628.625
0.0,0.30000000000000004,147.8,0.47851944565773014,28628.611328125
0.0,0.30000000000000004,147.8,0.6771697461605072,28628.625
0.0,0.30000000000000004,147.8,0.7667182445526123,28628.642578125
0.0,0.30000000000000004,147.8,0.6314401209354401,28628.642578125
0.0,0.30000000000000004,147.8,0.5907936036586762,28628.69921875
0.0,0.30000000000000004,147.8,0.7688609540462494,28628.900390625
0.0,0.30000000000000004,147.8,0.8490408718585968,28629.23046875
0.0,0.30000000000000004,147.8,0.8852628171443939,28629.619140625
0.0,0.30000000000000004,147.8,0.6290191054344177,28629.607421875
0.0,0.30000000000000004,147.8,0.4805694043636322,28629.505859375
0.0,0.30000000000000004,147.8,0.4136816829442978,28629.548828125
0.0,0.30000000000000004,147.8,0.38342403173446654,28629.607421875
0.0,0.30000000000000004,147.8,0.3696958690881729,28629.59375
0.0,0.30000000000000004,147.8,0.36386139392852784,28629.896484375
0.0,0.30000000000000004,147.8,0.36030878126621246,28630.45703125
0.0,0.30000000000000004,147.8,0.3567283272743225,28631.279296875
0.0,0.30000000000000004,147.8,0.35585639476776126,28632.31640625
0.0,0.30000000000000004,147.8,0.35585639476776126,28633.453125
0.0,0.30000000000000004,147.8,0.35585639476776126,28634.720703125
0.0,0.30000000000000004,147.8,0.35585639476776126,28636.08984375
0.0,0.30000000000000004,147.8,0.35585639476776126,28637.58984375
0.0,0.30000000000000004,147.8,0.35585639476776126,28639.07421875
0.0,0.30000000000000004,147.8,0.0717204049229622,28640.470703125
0.0,0.30000000000000004,147.8,0.25137391984462737,28641.826171875
0.0,0.30000000000000004,147.8,0.645520806312561,28643.05078125
0.0,0.30000000000000004,147.8,0.8232171535491943,28644.1171875
0.0,0.30000000000000004,147.8,0.727537339925766,28645.271484375
0.0,0.30000000000000004,147.8,0.6199938476085664,28646.5390625
0.0,0.30000000000000004,147.8,0.8163344979286195,28647.748046875
0.0,0.30000000000000004,147.8,0.9047977209091187,28648.9453125
0.0,0.30000000000000004,147.8,0.8837787508964539,28649.923828125
0.0,0.30000000000000004,147.8,0.6489621341228485,28650.732421875
0.0,0.30000000000000004,147.8,0.6361151576042176,28651.638671875
0.0,0.30000000000000004,147.8,0.6859261393547058,28652.58984375
0.0,0.30000000000000004,147.8,0.6713446319103241,28653.744140625
0.0,0.30000000000000004,147.8,0.587834644317627,28654.89453125
0.0,0.30000000000000004,147.8,0.5945688664913178,28656.0625
0.0,0.30000000000000004,147.8,0.6648330330848694,28657.158203125
0.0,0.30000000000000004,147.8,0.6743592739105225,28658.2109375
0.0,0.30000000000000004,147.8,0.6530063688755036,28659.3203125
0.0,0.30000000000000004,147.8,0.7008787572383881,28660.4140625
0.0,0.30000000000000004,147.8,0.7557543396949769,28661.49609375
0.0,0.30000000000000004,147.8,0.829617440700531,28662.490234375
0.0,0.30000000000000004,147.8,0.8140433549880982,28663.41015625
0.0,0.30000000000000004,147.8,0.7991371929645539,28664.248046875
0.0,0.30000000000000004,147.8,0.883723121881485,28664.966796875
0.0,0.30000000000000004,147.8,0.8740020990371704,28665.6015625
0.0,0.30000000000000004,147.8,0.8235325276851654,28666.193359375
0.0,0.30000000000000004,147.8,0.8628711462020874,28666.755859375
0.0,0.30000000000000004,147.8,0.8805878877639771,28666.912109375
0.0,0.30000000000000004,147.8,0.7688053250312805,28666.912109375
0.0,0.30000000000000004,147.8,0.7546968519687652,28666.912109375
0.0,0.30000000000000004,147.8,0.8168724954128266,28666.912109375
0.0,0.30000000000000004,147.8,0.8448204696178436,28666.912109375
0.0,0.30000000000000004,147.8,0.7035037815570832,28666.912109375
0.0,0.30000000000000004,147.8,0.5502677321434021,28666.912109375
0.0,0.30000000000000004,147.8,0.5173943102359772,28666.912109375
0.0,0.30000000000000004,147.8,0.5384689092636109,28666.912109375
0.0,0.30000000000000004,147.8,0.5479116797447204,28666.912109375
0.0,0.30000000000000004,147.8,0.5519929826259613,28666.912109375
0.0,0.30000000000000004,147.8,0.47859368920326234,28666.912109375
0.0,0.30000000000000004,147.8,0.42233601808547977,28666.912109375
0.0,0.30000000000000004,147.8,0.39690181016922,28666.912109375
0.0,0.30000000000000004,147.8,0.38226459324359896,28666.912109375
0.0,0.30000000000000004,147.8,0.3641768217086792,28666.912109375
0.0,0.30000000000000004,147.8,0.3558471411466599,28666.912109375
0.0,0.30000000000000004,147.8,0.3522203117609024,28666.912109375
0.0,0.30000000000000004,147.8,0.35136694014072417,28666.912109375
0.0,0.30000000000000004,147.8,0.35136694014072417,28666.912109375
0.0,0.30000000000000004,147.8,0.35136694014072417,28666.912109375
0.0,0.30000000000000004,147.8,0.35136694014072417,28666.912109375
0.0,0.30000000000000004,147.8,0.27264330089092254,28666.912109375
0.0,0.30000000000000004,147.8,0.22801748514175416,28666.912109375
0.0,0.30000000000000004,147.8,0.20782408565282823,28666.912109375
0.0,0.30000000000000004,147.8,0.1987338110804558,28666.912109375
0.0,0.30000000000000004,147.8,0.19476377964019775,28666.912109375
0.0,0.30000000000000004,147.8,0.19343733340501787,28666.912109375
0.0,0.30000000000000004,147.8,0.19343733340501787,28666.912109375
